연번,"관할
자치구",소재지,도로명 주소,시설명,시설유형,지정연도
1,종로구,부암동,홍지문2길 1,상명대학교사범대학부속초등학교,초등학교,2006
2,종로구,종로1.2.3.4가동,삼일대로 446,서울교동초등학교,초등학교,2006
3,종로구,이화동,대학로 64,서울대학교사범대학부설초등학교,초등학교,1995
4,종로구,무악동,통일로12길 23,서울독립문초등학교,초등학교,2005
5,종로구,사직동,사직로9길 19,서울매동초등학교,초등학교,2005
6,종로구,창신3동,낙산길 250,서울명신초등학교,초등학교,1995
7,종로구,부암동,세검정로9길 1,서울세검정초등학교,초등학교,2006
8,종로구,가회동,북촌로4길 7,서울재동초등학교,초등학교,2005
9,종로구,창신1동,지봉로 73,서울창신초등학교,초등학교,1995
10,종로구,청운효자동,자하문로 105,서울청운초등학교,초등학교,2005
11,종로구,혜화동,혜화로 32,서울혜화초등학교,초등학교,1995
12,종로구,종로5.6가동,대학로 12,서울효제초등학교,초등학교,1995
13,종로구,종로1.2.3.4가동,삼일대로 460,운현초등학교,초등학교,2006
14,종로구,청운효자동,필운대로1길 34,배화여자대학교 부속 배화유치원,유치원(일반),2005
15,종로구,종로5.6가동,율곡로 264,봄샘유치원,유치원(일반),2009
16,종로구,부암동,홍지문2길 1,상명사대부속유치원,유치원(일반),2010
17,종로구,부암동,자하문로 310,세검정유치원,유치원(일반),2010
18,종로구,사직동,사직로8길 9,세종유치원,유치원(일반),2009
19,종로구,청운효자동,자하문로 69,옥인유치원,유치원(일반),2007
20,종로구,종로1.2.3.4가동,삼일대로 460,운현유치원,유치원(일반),2006
21,종로구,혜화동,혜화로6가길 34,한아름유치원,유치원(일반),2013
22,종로구,혜화동,창경궁로 296,혜화유치원,유치원(일반),1997
23,종로구,창신3동,낙산길 250,서울명신초등학교병설유치원,유치원(병설),2010
24,종로구,가회동,북촌로4길 7,서울재동초등학교병설유치원,유치원(병설),2005
25,종로구,창신1동,지봉로 73,서울창신초등학교병설유치원,유치원(병설),1995
26,종로구,혜화동,혜화로 32,서울혜화초등학교병설유치원,유치원(병설),1995
27,종로구,청운효자동,옥인길 23-4,누상어린이집,어린이집,2013
28,종로구,숭인2동,숭인동길 47,도담도담어린이집,어린이집,2019
29,종로구,혜화동,성균관로13길 66,명륜어린이집,어린이집,2006
30,종로구,청운효자동,자하문로28길 8,무궁화어린이집,어린이집,2010
31,종로구,부암동,세검정로6다길 10-7,부암어린이집,어린이집,2009
32,종로구,교남동,송월1길 73-7,상록수어린이집,어린이집,2008
33,종로구,종로1.2.3.4가동,우정국로 51-4,선재어린이집,어린이집,2019
34,종로구,창신3동,지봉로13길 14,아동회관어린이집,어린이집,2012
35,종로구,종로5.6가동,대학로3길 9,연동어린이집,어린이집,2008
36,종로구,창신3동,낙산5길 33,은행나무어린이집,어린이집,2006
37,종로구,평창동,평창문화로 73-7,종로(생명)숲어린이집,어린이집,2015
38,종로구,창신2동,낙산성곽동길 69,"창신제일어린이집
(구 창이어린이집)",어린이집,2013
39,종로구,청운효자동,자하문로35길 21,청운어린이집,어린이집,2011
40,종로구,숭인2동,종로65길 10,한빛어린이집,어린이집,2012
41,종로구,청운효자동,필운대로 103,서울농학교(선희학교),특수학교,1997
42,종로구,청운효자동,필운대로 97,서울맹학교 종로캠퍼스,특수학교,1997
43,종로구,사직동,사직로7길 17,수도사랑의학교,특수학교,2007
44,종로구,평창동,비봉길 23,하비에르국제학교,외국인학교,2010
45,종로구,교북동,통일로2길 51,린덴바움유치원,유치원(일반),2025
46,중구,청구동,매봉18길 109,동산초등학교,초등학교,1998
47,중구,필동,소파로2길 7,리라초등학교,초등학교,1998
48,중구,신당동,다산로 269,서울광희초등학교,초등학교,2007
49,중구,명동,퇴계로22길 17,서울남산초등학교,초등학교,1996
50,중구,소공동,덕수궁길 140,서울덕수초등학교,초등학교,1995
51,중구,중림동,손기정로 73,서울봉래초등학교,초등학교,1996
52,중구,신당5동,난계로 141,서울신당초등학교,초등학교,1997
53,중구,다산동,청구로17길 40,서울장충초등학교,초등학교,1998
54,중구,청구동,다산로 170,서울청구초등학교,초등학교,1997
55,중구,장충동,퇴계로50길 13,서울충무초등학교,초등학교,1996
56,중구,동화동,청구로6길 11,서울흥인초등학교,초등학교,1997
57,중구,필동,소파로2길 10,숭의초등학교,초등학교,1998
58,중구,중림동,청파로 447-1,가명유치원,유치원(일반),2008
59,중구,다산동,동호로20길 24,근화유치원,유치원(일반),2008
60,중구,필동,소파로2길 7,리라유치원,유치원(일반),2010
61,중구,다산동,청구로17길 40,서울장충유치원,유치원(일반),2010
62,중구,약수동,다산로 32,수암유치원,유치원(일반),2008
63,중구,청구동,동호로10길 27,신일유치원,유치원(일반),2008
64,중구,신당5동,퇴계로88다길 5,한일유치원,유치원(일반),2008
65,중구,신당동,다산로 269,서울광희초등학교병설유치원,유치원(병설),2010
66,중구,소공동,덕수궁길 140,서울덕수초등학교병설유치원,유치원(병설),2010
67,중구,장충동,퇴계로50길 13,서울충무초등학교병설유치원,유치원(병설),2010
68,중구,장충동,장충단로 204,경동어린이집,어린이집,2021
69,중구,약수동,동호로5길 193,남산숲(신당3동)어린이집,어린이집,2007
70,중구,다산동,동호로15길 50,다산어린이집,어린이집,2007
71,중구,황학동,다산로48길 33,단우물어린이집,어린이집,2016
72,중구,동화동,다산로38길 80,동화나라(신당6동)어린이집,어린이집,2007
73,중구,황학동,퇴계로 447,미담어린이집,어린이집,2019
74,중구,소공동,서소문로11길 24 5-1번지,서울시청직장어린이집,어린이집,2006
75,중구,신당5동,퇴계로88가길 8-10,신당5동어린이집,어린이집,2007
76,중구,신당동,청구로8길 41,신당동어린이집,어린이집,2007
77,중구,약수동,다산로8길 32,약수교회어린이집,어린이집,2007
78,중구,약수동,다산로6길 15,약수어린이집,어린이집,2007
79,중구,중림동,만리재로35길 12,중림어린이집,어린이집,2018
80,중구,청구동,다산로24길 81,청구(신당4동)어린이집,어린이집,2007
81,중구,필동,퇴계로36가길 60,필동어린이집,어린이집,2017
82,중구,약수동,다산로 32,한솔어린이집,어린이집,2007
83,중구,다산동,동호로14길 11-8,햇살어린이집,어린이집,2020
84,중구,황학동,난계로15길 23,황학어린이집,어린이집,2007
85,중구,회현동,퇴계로12가길 23,회현어린이집,어린이집,2006
86,중구,명동,명동2길 35,한국한성화교소학교,외국인학교,1997
87,중구,입정동,을지로15길 32,세운어린이집,어린이집,2025
88,용산구,효창동,효창원로 137,서울금양초등학교,초등학교,1995
89,용산구,원효로1동,원효로64길 17-10,서울남정초등학교,초등학교,1996
90,용산구,후암동,두텁바위로1나길 19,서울삼광초등학교,초등학교,1998
91,용산구,서빙고동,서빙고로51길 14,서울서빙고초등학교,초등학교,1995
92,용산구,이촌1동,이촌로 255,서울신용산초등학교,초등학교,1998
93,용산구,한강로동,한강대로57길 33,서울용산초등학교,초등학교,1997
94,용산구,용산2가동,녹사평대로60길 39,서울용암초등학교,초등학교,1998
95,용산구,원효로2동,효창원로13길 38,서울원효초등학교,초등학교,1995
96,용산구,이태원2동,녹사평대로40길 19,서울이태원초등학교,초등학교,1996
97,용산구,청파동,효창원로 228,서울청파초등학교,초등학교,1997
98,용산구,한강로동,한강대로14길 9,서울한강초등학교,초등학교,1998
99,용산구,한남동,한남대로 112,서울한남초등학교,초등학교,1997
100,용산구,후암동,두텁바위로 140,서울후암초등학교,초등학교,1998
101,용산구,청파동,청파로 263,신광초등학교,초등학교,1998
102,용산구,이촌1동,이촌로84길 9-7,강변유치원,유치원(일반),2007
103,용산구,원효로2동,효창원로15길 15,계성유치원,유치원(일반),1997
104,용산구,이촌1동,이촌로81길 38,대건유치원,유치원(일반),2010
105,용산구,용문동,새창로12길 11-8,도원유치원,유치원(일반),1998
106,용산구,후암동,후암로34길 21-8,복자유치원,유치원(일반),1997
107,용산구,청파동,효창원로 228,서울청파유치원,유치원(일반),2010
108,용산구,이촌1동,이촌로81길 14,원유치원,유치원(일반),2010
109,용산구,원효로2동,효창원로 17,일민유치원,유치원(일반),2001
110,용산구,이촌1동,이촌로71길 14,충신유치원,유치원(일반),2007
111,용산구,이촌1동,이촌로89길 50,한가람유치원,유치원(일반),2010
112,용산구,원효로1동,원효로64길 17-10,서울남정초등학교병설유치원,유치원(병설),2004
113,용산구,서빙고동,서빙고로51길 14,서울서빙고초등학교병설유치원,유치원(병설),2010
114,용산구,한남동,한남대로 112,서울한남초등학교병설유치원,유치원(병설),2001
115,용산구,서빙고동,녹사평대로14길 7,동빙고어린이집,어린이집,2006
116,용산구,한남동,한남대로40길 76,맑은숲어린이집,어린이집,2018
117,용산구,이촌2동,이촌로14길 11-22,이촌어린이집,어린이집,2006
118,용산구,이태원1동,이태원로27길 34-30,이태원삼성어린이집,어린이집,2011
119,용산구,이촌1동,이촌로64길 72,충신아기학교(구 충신교회어린이집),어린이집,2006
120,용산구,한남동,대사관로5길 1,한남어린이집,어린이집,2013
121,용산구,한남동,독서당로 123-6,서울독일학교,외국인학교,2000
122,용산구,한남동,이태원로 285,서울용산국제학교,외국인학교,2006
123,성동구,성수1가1동,성수일로 34,서울경동초등학교,초등학교,1995
124,성동구,성수2가1동,뚝섬로13길 22,서울경수초등학교,초등학교,1995
125,성동구,성수1가1동,뚝섬로 332,서울경일초등학교,초등학교,1995
126,성동구,금호1가동,행당로1길 13,서울금북초등학교,초등학교,1996
127,성동구,금호4가동,독서당로 251,서울금옥초등학교,초등학교,1997
128,성동구,금호2.3가동,무수막길 69,서울금호초등학교,초등학교,1997
129,성동구,마장동,마장로29길 29,서울동명초등학교,초등학교,1995
130,성동구,옥수동,매봉길 49-35,서울동호초등학교,초등학교,2010
131,성동구,마장동,마장로35나길 31,서울마장초등학교,초등학교,1997
132,성동구,왕십리2동,무학봉15길 21,서울무학초등학교,초등학교,1997
133,성동구,사근동,사근동11길 16,서울사근초등학교,초등학교,1995
134,성동구,성수2가3동,아차산로17길 21,서울성수초등학교,초등학교,1996
135,성동구,송정동,동일로43길 9,서울송원초등학교,초등학교,2009
136,성동구,왕십리도선동,마장로 161,서울숭신초등학교,초등학교,2016
137,성동구,금호4가동,금호로1길 25,서울옥수초등학교,초등학교,1997
138,성동구,옥수동,한림말길 43,서울옥정초등학교,초등학교,1996
139,성동구,용답동,용답25길 1,서울용답초등학교,초등학교,1998
140,성동구,응봉동,독서당로62길 28,서울응봉초등학교,초등학교,2002
141,성동구,행당1동,고산자로8길 6,서울행당초등학교,초등학교,1996
142,성동구,행당2동,행당로 95,서울행현초등학교,초등학교,2005
143,성동구,사근동,살곶이길 208,한양초등학교,초등학교,2020
144,성동구,금호1가동,금호로 100,경동유치원(벽산),유치원(일반),2009
145,성동구,성수1가1동,성덕정길 23,로사유치원,유치원(일반),2010
146,성동구,성수1가1동,성수일로 34,서울경동유치원(성수),유치원(일반),2008
147,성동구,왕십리도선동,무학로10길 21,성심유치원,유치원(일반),2006
148,성동구,응봉동,독서당로 434,세성유치원,유치원(일반),2009
149,성동구,마장동,마장로42길 26,세인유치원,유치원(일반),1998
150,성동구,금호4가동,독서당로 272,아이들세상유치원,유치원(일반),2010
151,성동구,옥수동,독서당로 218,옥수삼성유치원,유치원(일반),2010
152,성동구,행당1동,고산자로2길 35,율화유치원,유치원(일반),2006
153,성동구,사근동,살곶이길 200,한양여자대학교부속유치원,유치원(일반),2010
154,성동구,성수2가1동,뚝섬로13길 22,서울경수초등학교병설유치원,유치원(병설),2010
155,성동구,마장동,마장로35나길 31,서울마장초등학교병설유치원,유치원(병설),2010
156,성동구,사근동,사근동11길 16,서울사근초등학교병설유치원,유치원(병설),2010
157,성동구,송정동,동일로43길 9,서울송원초등학교병설유치원,유치원(병설),2010
158,성동구,금호4가동,금호로1길 25,서울옥수초등학교병설유치원,유치원(병설),2010
159,성동구,옥수동,한림말길 43,서울옥정초등학교병설유치원,유치원(병설),2010
160,성동구,금호1가동,난계로 18,구립 금일어린이집,어린이집,2011
161,성동구,마장동,마장로44길 10,구립 마장어린이집,어린이집,1997
162,성동구,마장동,"청계천로 506
(성동종합사회복지관3층)",구립 성모어린이집,어린이집,2011
163,성동구,금호2.3가동,"금호로 173
(신금호파크자이 관리동)",구립 신금호자이어린이집,어린이집,2017
164,성동구,옥수동,한림말길 16-5,구립 연꽃어린이집,어린이집,2006
165,성동구,왕십리도선동,무학로6길 9,구립 왕도어린이집,어린이집,2017
166,성동구,행당1동,무학봉16길 9-3,구립 왕십리하나어린이집,어린이집,2009
167,성동구,행당1동,고산자로10길 18,구립 은행어린이집,어린이집,2021
168,성동구,행당2동,독서당로63길 34,구립 행응어린이집,어린이집,2006
169,성동구,왕십리도선동,마장로 141,구립 홍익어린이집,어린이집,2016
170,성동구,용답동,용답중앙길 89-2,꿈터어린이집,어린이집,2011
171,광진구,능동,천호대로130길 58,경복초등학교,초등학교,1998
172,광진구,광장동,아차산로70길 35,서울광남초등학교,초등학교,1998
173,광진구,광장동,광장로1길 27,서울광장초등학교,초등학교,1995
174,광진구,구의2동,자양로40길 41,서울광진초등학교,초등학교,2003
175,광진구,구의3동,구의강변로 69,서울구남초등학교,초등학교,1995
176,광진구,화양동,광나루로30길 49,서울구의초등학교,초등학교,1995
177,광진구,구의2동,영화사로 111,서울동의초등학교,초등학교,1995
178,광진구,자양3동,뚝섬로 561,서울동자초등학교,초등학교,1995
179,광진구,자양2동,뚝섬로56길 7,서울성자초등학교,초등학교,1998
180,광진구,자양3동,능동로 42,서울신양초등학교,초등학교,1998
181,광진구,자양2동,뚝섬로46길 64,서울신자초등학교,초등학교,1995
182,광진구,자양2동,뚝섬로64길 71,서울양남초등학교,초등학교,1996
183,광진구,광장동,워커힐로 32,서울양진초등학교,초등학교,2005
184,광진구,중곡4동,용마산로22길 82,서울용곡초등학교,초등학교,1998
185,광진구,중곡2동,천호대로113길 10,서울용마초등학교,초등학교,1996
186,광진구,자양1동,아차산로44길 26,서울자양초등학교,초등학교,1995
187,광진구,군자동,군자로 74,서울장안초등학교,초등학교,1995
188,광진구,중곡3동,긴고랑로13길 59,서울중광초등학교,초등학교,1998
189,광진구,중곡3동,동일로72길 43,서울중마초등학교,초등학교,1998
190,광진구,자양2동,자양로4길 63,성동초등학교,초등학교,1996
191,광진구,군자동,군자로 114,세종초등학교,초등학교,1998
192,광진구,광장동,아차산로70길 40,광남유치원,유치원(일반),1997
193,광진구,광장동,광장로7길 17,광장유치원,유치원(일반),2009
194,광진구,자양3동,뚝섬로41길 20,"대원유치원
(구 우성유치원)",유치원(일반),1998
195,광진구,군자동,군자로12길 46,동심유치원,유치원(일반),2010
196,광진구,광장동,아차산로 552,보성유치원,유치원(일반),2009
197,광진구,자양2동,뚝섬로66길 14,선경유치원,유치원(일반),1997
198,광진구,군자동,동일로 256-1,선양유치원,유치원(일반),2006
199,광진구,구의2동,천호대로130길 58,선화유치원,유치원(일반),2010
200,광진구,자양1동,뚝섬로59길 18,성산유치원,유치원(일반),1998
201,광진구,구의2동,자양로 296,슬기유치원,유치원(일반),1998
202,광진구,능동,광나루로 441,어린이회관유치원,유치원(일반),1997
203,광진구,구의2동,영화사로 105,영화유치원,유치원(일반),2010
204,광진구,자양3동,능동로4길 13,인애유치원,유치원(일반),2008
205,광진구,광장동,아차산로 503-23,청구이화유치원,유치원(일반),2010
206,광진구,구의3동,광나루로56길 5,프라임유치원,유치원(일반),2008
207,광진구,자양3동,뚝섬로35길 16-20,한일유치원,유치원(일반),2009
208,광진구,화양동,광나루로30길 49,서울구의초등학교병설유치원,유치원(병설),2010
209,광진구,자양2동,뚝섬로46길 64,서울신자초등학교병설유치원,유치원(병설),2010
210,광진구,자양2동,뚝섬로64길 71,서울양남초등학교병설유치원,유치원(병설),2010
211,광진구,광장동,워커힐로 32,서울양진초등학교병설유치원,유치원(병설),2010
212,광진구,자양1동,아차산로44길 26,서울자양초등학교병설유치원,유치원(병설),2010
213,광진구,중곡3동,긴고랑로13길 59,서울중광초등학교병설유치원,유치원(병설),2021
214,광진구,구의1동,자양로23길 79,구립 구의1동 아이터어린이집,어린이집,2019
215,광진구,구의2동,자양로44길 91,구립 구의2동어린이집,어린이집,2009
216,광진구,구의3동,광나루로54길 36,구립 구의3동어린이집,어린이집,2010
217,광진구,능동,천호대로120길 32,구립 능동 꿈맞이어린이집,어린이집,2020
218,광진구,능동,천호대로114길 47,구립 능동어린이집,어린이집,2007
219,광진구,능동,"천호대로112길 55
(능동주민센터 1층)",구립 능동주민센터어린이집,어린이집,2021
220,광진구,구의1동,아차산로55길 59,구립 명성어린이집,어린이집,2013
221,광진구,광장동,아차산로66길 8,구립 사랑의어린이집,어린이집,2007
222,광진구,중곡3동,동일로80길 30,구립 상명어린이집,어린이집,2011
223,광진구,중곡2동,용마산로3길 60,구립 성심어린이집,어린이집,2010
224,광진구,구의3동,구의로4길 21,구립 우리아이어린이집,어린이집,2015
225,광진구,자양1동,아차산로44가길 5,구립 자양도담어린이집,어린이집,2018
226,광진구,자양3동,자양번영로 35,구립 자양어린이집,어린이집,2007
227,광진구,구의3동,동일로 458,구립 중곡샛별어린이집,어린이집,2007
228,광진구,구의1동,광나루로40길 78,신나는어린이집,어린이집,2007
229,광진구,군자동,광나루로15길 17,예지어린이집,어린이집,2012
230,광진구,자양3동,능동로4길 88,으뜸어린이집,어린이집,2007
231,광진구,구의3동,구의강변로3길 31,좋은어린이집,어린이집,2007
232,광진구,구의2동,자양로50길 74,즐거운산들어린이집,어린이집,2022
233,광진구,구의3동,강변역로 18,서울광진학교,특수학교,2020
234,광진구,광장동,광장로 1,재한몽골학교,외국인학교,2020
235,광진구,구의2동,자양로35길 13,한국켄트외국인학교,외국인학교,2018
236,동대문구,장안1동,한천로6길 21,서울군자초등학교,초등학교,1995
237,동대문구,답십리1동,전농로3길 23,서울답십리초등학교,초등학교,1995
238,동대문구,답십리2동,답십리로60길 12,서울동답초등학교,초등학교,1995
239,동대문구,전농2동,사가정로 193,서울배봉초등학교,초등학교,1996
240,동대문구,회기동,회기로10길 63,서울삼육초등학교,초등학교,1997
241,동대문구,답십리1동,천호대로 177,서울신답초등학교,초등학교,1995
242,동대문구,장안1동,장한로14길 61,서울안평초등학교,초등학교,1995
243,동대문구,용신동,천호대로13길 43,서울용두초등학교,초등학교,1998
244,동대문구,이문2동,신이문로 16,서울이문초등학교,초등학교,1997
245,동대문구,장안2동,답십리로69길 27,서울장평초등학교,초등학교,1995
246,동대문구,전농2동,전농로 172,서울전곡초등학교,초등학교,1996
247,동대문구,전농1동,사가정로 66,서울전농초등학교,초등학교,1996
248,동대문구,전농2동,전농로16길 61,서울전동초등학교,초등학교,1996
249,동대문구,제기동,무학로44길 25,서울종암초등학교,초등학교,1995
250,동대문구,회기동,회기로25길 31,서울청량초등학교,초등학교,1995
251,동대문구,청량리동,회기로 90,서울홍릉초등학교,초등학교,1995
252,동대문구,제기동,고산자로 518,서울홍파초등학교,초등학교,1998
253,동대문구,휘경2동,망우로6길 48,서울휘경초등학교,초등학교,1997
254,동대문구,휘경2동,장안벚꽃로 309,서울휘봉초등학교,초등학교,2006
255,동대문구,장안2동,장안벚꽃로 205,은석초등학교,초등학교,1997
256,동대문구,답십리2동,답십리로56길 21,그림유치원,유치원(일반),2011
257,동대문구,이문1동,회기로25길 67,동안유치원,유치원(일반),2009
258,동대문구,전농2동,사가정로 148,새소리유치원,유치원(일반),2016
259,동대문구,이문2동,신이문로 16,서울이문유치원,유치원(일반),2010
260,동대문구,휘경2동,망우로6길 48,서울휘경유치원,유치원(일반),2010
261,동대문구,장안1동,장안벚꽃로 107,세하유치원,유치원(일반),2008
262,동대문구,제기동,약령시로 45,소화유치원,유치원(일반),1998
263,동대문구,휘경2동,한천로 246,아이비유치원,유치원(일반),2008
264,동대문구,전농2동,사가정로 190,예일유치원,유치원(일반),2006
265,동대문구,이문1동,이문로12길 20,젬마유치원,유치원(일반),2006
266,동대문구,장안1동,한천로6길 21,서울군자초등학교병설유치원,유치원(병설),2010
267,동대문구,답십리1동,전농로3길 23,서울답십리초등학교병설유치원,유치원(병설),2010
268,동대문구,장안2동,답십리로69길 27,서울장평초등학교병설유치원,유치원(병설),2010
269,동대문구,전농2동,전농로16길 61,서울전동초등학교병설유치원,유치원(병설),2010
270,동대문구,제기동,고산자로 518,서울홍파초등학교병설유치원,유치원(병설),2010
271,동대문구,휘경2동,장안벚꽃로 309,서울휘봉초등학교병설유치원,유치원(병설),2010
272,동대문구,용신동,고산자로32길 78 103동,그라시엘어린이집,어린이집,2024
273,동대문구,전농1동,전농로36길 29-3,꿈마루어린이집,어린이집,2009
274,동대문구,휘경1동,"외대역동로1길 60-3
(휘경해모로 관리동)",늘봄어린이집,어린이집,2021
275,동대문구,답십리2동,답십리로60길 40,대림늘푸른어린이집,어린이집,2020
276,동대문구,답십리2동,"한천로33길 11
(래미안 엘파인아파트 단지동)",더불어숲어린이집,어린이집,2016
277,동대문구,용신동,고산자로28길 13,동대문구청직장어린이집,어린이집,2018
278,동대문구,답십리1동,사가정로2길 13,동대문어린이집,어린이집,2009
279,동대문구,장안1동,답십리로 320-1,메꽃어린이집,어린이집,2009
280,동대문구,장안2동,사가정로25길 51,배봉어린이집,어린이집,2009
281,동대문구,장안1동,답십리로66길 3,별밭어린이집,어린이집,2011
282,동대문구,전농1동,전농로23길 47,빛나어린이집,어린이집,2019
283,동대문구,장안1동,장한로5길 45,사군자어린이집,어린이집,2015
284,동대문구,장안1동,한천로26길 43,삼성어린이집,어린이집,2016
285,동대문구,휘경1동,"왕산로 312
(제칠안식일예수재림교 본부교회)",새하늘어린이집,어린이집,2019
286,동대문구,장안2동,장한로26다길 77,솔향기어린이집,어린이집,2019
287,동대문구,이문2동,신이문로6길 10,어린왕자어린이집,어린이집,2021
288,동대문구,제기동,약령시로3길 38,언덕위에하얀어린이집,어린이집,2020
289,동대문구,장안2동,장한로27나길 65,연세어린이집,어린이집,2019
290,동대문구,제기동,약령시로7길 19,영유아프라자어린이집,어린이집,2012
291,동대문구,제기동,경동시장로23길 14,예나어린이집,어린이집,2015
292,동대문구,답십리2동,답십리로48길 24,오르다어린이집,어린이집,2016
293,동대문구,용신동,무학로49길 75,용두희망어린이집,어린이집,2023
294,동대문구,답십리2동,답십리로48길 38,우아세어린이집,어린이집,2016
295,동대문구,청량리동,제기로31길 10-3,유마어린이집,어린이집,2021
296,동대문구,장안2동,장한로26다길 38,이화어린이집,어린이집,2011
297,동대문구,장안1동,천호대로89길 58,장안어린이집,어린이집,2009
298,동대문구,장안1동,"장안벗꽃로 107
(현대홈타운아파트 단지동)",장안현대어린이집,어린이집,2020
299,동대문구,답십리2동,"답십리로56길 21-1
(두산아파트 단지 내)",조은어린이집,어린이집,2009
300,동대문구,이문2동,한천로63길 5-8,중앙삐아제어린이집,어린이집,2012
301,동대문구,답십리1동,황물로 32,태양하나어린이집,어린이집,2009
302,동대문구,장안1동,장한로12길 76-1,포르테몬테소리어린이집,어린이집,2021
303,동대문구,장안1동,답십리로66길 75-4,푸른하늘어린이집,어린이집,2009
304,동대문구,제기동,약령시로5길 22,해오름어린이집,어린이집,2009
305,동대문구,용신동,청계천로 547,햇살어린이집,어린이집,2011
306,동대문구,회기동,회기로 165,회기어린이집,어린이집,2013
307,동대문구,휘경2동,망우로 46,"휘경어린이집
(구 휘경2동 어린이집)",어린이집,2009
308,중랑구,신내2동,신내로21길 55,금성초등학교,초등학교,1997
309,중랑구,망우본동,송림길 114,서울동원초등학교,초등학교,1997
310,중랑구,망우본동,망우로72길 49,서울망우초등학교,초등학교,1995
311,중랑구,면목7동,면목로30나길 38,서울면남초등학교,초등학교,1995
312,중랑구,면목본동,면목로57길 32,서울면동초등학교,초등학교,1995
313,중랑구,면목본동,면목로 434,서울면목초등학교,초등학교,1997
314,중랑구,망우3동,용마공원로5길 32,서울면북초등학교,초등학교,1995
315,중랑구,망우3동,용마산로100길 13,서울면일초등학교,초등학교,1996
316,중랑구,면목제3.8동,용마산로70길 43,서울면중초등학교,초등학교,1995
317,중랑구,중화1동,동일로138길 27,서울묵동초등학교,초등학교,1996
318,중랑구,묵2동,동일로157길 75,서울묵현초등학교,초등학교,2004
319,중랑구,신내2동,신내로15길 110,서울봉화초등학교,초등학교,1997
320,중랑구,상봉1동,동일로126가길 11,서울상봉초등학교,초등학교,1996
321,중랑구,신내1동,신내역로1길 164,서울새솔초등학교,초등학교,2013
322,중랑구,신내1동,용마산로125나길 22,서울신내초등학교,초등학교,1995
323,중랑구,묵2동,동일로149길 46,서울신묵초등학교,초등학교,1996
324,중랑구,신내2동,봉화산로 188,서울신현초등학교,초등학교,1997
325,중랑구,망우본동,양원역로 95,서울양원숲초등학교,초등학교,2024
326,중랑구,묵1동,숙선옹주로 109,서울원묵초등학교,초등학교,1997
327,중랑구,면목4동,면목로23길 20,서울중곡초등학교,초등학교,1995
328,중랑구,면목2동,봉우재로6길 26,서울중랑초등학교,초등학교,1995
329,중랑구,면목2동,동일로 665,서울중목초등학교,초등학교,1998
330,중랑구,신내2동,신내로7가길 22,서울중화초등학교,초등학교,1995
331,중랑구,중화1동,봉화산로 82,서울중흥초등학교,초등학교,2000
332,중랑구,면목4동,용마산로 250,동국유치원,유치원(일반),1998
333,중랑구,면목7동,면목로35길 21,동일유치원,유치원(일반),2006
334,중랑구,묵1동,공릉로 65,미림유치원,유치원(일반),2009
335,중랑구,면목본동,면목로61길 50,봄내유치원,유치원(일반),2013
336,중랑구,면목2동,동일로109길 31,색동유치원,유치원(일반),1998
337,중랑구,중화2동,중랑역로 35-1,수산유치원,유치원(일반),2009
338,중랑구,신내2동,신내로 51,예원유치원,유치원(일반),1997
339,중랑구,상봉1동,신내로7다길 57,이루니유치원,유치원(일반),2015
340,중랑구,망우본동,용마산로118길 55,정암유치원,유치원(일반),2017
341,중랑구,망우본동,송림길 114,서울동원초등학교병설유치원,유치원(병설),2010
342,중랑구,묵2동,동일로157길 75,서울묵현초등학교병설유치원,유치원(병설),2010
343,중랑구,면목4동,면목로23길 20,서울중곡초등학교병설유치원,유치원(병설),2010
344,중랑구,면목2동,봉우재로 94-3,나래어린이집,어린이집,2010
345,중랑구,상봉2동,면목로88길 9,상봉삼성어린이집,어린이집,2006
346,중랑구,상봉1동,상봉중앙로6길 57,상봉어린이집,어린이집,2006
347,중랑구,중화2동,동일로123길 125,세화어린이집,어린이집,2010
348,중랑구,면목4동,면목로27길 85,이화어린이집,어린이집,2006
349,중랑구,중화2동,동일로139라길 24,한내들어린이집,어린이집,1997
350,성북구,장위3동,한천로 694,광운초등학교,초등학교,1997
351,성북구,보문동,안암로 5,대광초등학교,초등학교,1995
352,성북구,돈암1동,북악산로 870,매원초등학교,초등학교,1997
353,성북구,돈암1동,정릉로48길 52,서울개운초등학교,초등학교,2003
354,성북구,길음1동,길음로15길 55,서울길원초등학교,초등학교,2006
355,성북구,길음1동,길음로 142,서울길음초등학교,초등학교,1997
356,성북구,동선동,동소문로13길 38,서울돈암초등학교,초등학교,1995
357,성북구,보문동,보문사길 50,서울동신초등학교,초등학교,1996
358,성북구,길음1동,삼양로 77,서울미아초등학교,초등학교,1996
359,성북구,삼선동,보문로29길 106,서울삼선초등학교,초등학교,1995
360,성북구,석관동,한천로58길 273,서울석계초등학교,초등학교,2005
361,성북구,석관동,돌곶이로22길 21,서울석관초등학교,초등학교,1995
362,성북구,성북동,성북로 102-10,서울성북초등학교,초등학교,1996
363,성북구,월곡1동,종암로40길 30,서울숭곡초등학교,초등학교,1997
364,성북구,정릉2동,정릉로 279,서울숭덕초등학교,초등학교,1995
365,성북구,종암동,종암로5길 14,서울숭례초등학교,초등학교,1996
366,성북구,월곡1동,오패산로16길 37,서울숭인초등학교,초등학교,2009
367,성북구,안암동,고려대로7가길 39,서울안암초등학교,초등학교,1995
368,성북구,장위2동,장월로3길 42,서울월곡초등학교,초등학교,1996
369,성북구,종암동,월곡로 74,서울일신초등학교,초등학교,2000
370,성북구,장위1동,장월로23길 16,서울장곡초등학교,초등학교,1995
371,성북구,장위3동,한천로101길 66,서울장월초등학교,초등학교,2006
372,성북구,장위2동,장월로8가길 41,서울장위초등학교,초등학교,1997
373,성북구,동선동,아리랑로 63,서울정덕초등학교,초등학교,1995
374,성북구,정릉4동,솔샘로25가길 8,서울정릉초등학교,초등학교,1997
375,성북구,정릉2동,정릉로24길 58,서울정수초등학교,초등학교,1997
376,성북구,정릉3동,정릉로9라길 11,서울청덕초등학교,초등학교,1996
377,성북구,동선동,북악산로 918,성신초등학교,초등학교,1997
378,성북구,돈암2동,성북로4길 52-1,우촌초등학교,초등학교,1995
379,성북구,정릉4동,보국문로 143,개동유치원,유치원(일반),2010
380,성북구,길음1동,삼양로 73,나래유치원,유치원(일반),2010
381,성북구,성북동,성북로 127,덕수유치원,유치원(일반),1998
382,성북구,월곡2동,장월로1가길 9,동덕여자대학교부속유치원,유치원(일반),1997
383,성북구,보문동,보문로 98,동선유치원,유치원(일반),2008
384,성북구,길음1동,서경로6길 13,루이유치원,유치원(일반),2013
385,성북구,돈암2동,성북로4길 52,반디유치원,유치원(일반),1998
386,성북구,종암동,월곡로7길 72,사랑유치원,유치원(일반),1997
387,성북구,성북동,성북로6가길 28,새삼선유치원,유치원(일반),2008
388,성북구,정릉1동,정릉로 282,새싹유치원,유치원(일반),2007
389,성북구,길음1동,길음로 142,서울길음유치원,유치원(일반),2010
390,성북구,돈암2동,아리랑로16길 52,서울베네딕도유치원,유치원(일반),2008
391,성북구,길음1동,길음로13길 29,서울좋은소리유치원,유치원(일반),2008
392,성북구,길음2동,숭인로 50,서울좋은소리유치원(분원),유치원(일반),2008
393,성북구,길음1동,길음로9길 73,선한유치원,유치원(일반),1998
394,성북구,동선동,보문로34다길 2,성신유치원,유치원(일반),2010
395,성북구,돈암2동,성북로4길 52,세아유치원,유치원(일반),1998
396,성북구,보문동,보문로27길 15,신암유치원,유치원(일반),2008
397,성북구,안암동,안암로7길 66,영암유치원,유치원(일반),2008
398,성북구,종암동,종암로15길 1,영재유치원,유치원(일반),2008
399,성북구,장위1동,장위로 34,영천유치원,유치원(일반),2010
400,성북구,돈암2동,성북로4길 52-1,우촌유치원,유치원(일반),2010
401,성북구,보문동,보문사길 18,은영유치원,유치원(일반),2004
402,성북구,석관동,돌곶이로 64,은하유치원,유치원(일반),1995
403,성북구,돈암2동,성북로4길 52,천사유치원,유치원(일반),2008
404,성북구,월곡2동,화랑로13길 17,탑주유치원,유치원(일반),2000
405,성북구,정릉4동,서경로 166,한가람유치원,유치원(일반),2008
406,성북구,장위1동,월계로 124,한마음유치원,유치원(일반),1997
407,성북구,정릉1동,서경로2길 16,해뜨는유치원,유치원(일반),2010
408,성북구,돈암1동,동소문로34길 24,희망찬유치원,유치원(일반),2000
409,성북구,길음1동,길음로15길 55,서울길원초등학교병설유치원,유치원(병설),2010
410,성북구,동선동,동소문로13길 38,서울돈암초등학교병설유치원,유치원(병설),2010
411,성북구,보문동,보문사길 50,서울동신초등학교병설유치원,유치원(병설),2010
412,성북구,삼선동,보문로29길 106,서울삼선초등학교병설유치원,유치원(병설),2010
413,성북구,석관동,돌곶이로22길 21,서울석관초등학교병설유치원,유치원(병설),1995
414,성북구,성북동,성북로 102-10,서울성북초등학교병설유치원,유치원(병설),2010
415,성북구,월곡1동,종암로40길 30,서울숭곡초등학교병설유치원,유치원(병설),1997
416,성북구,종암동,종암로5길 14,서울숭례초등학교병설유치원,유치원(병설),1996
417,성북구,장위3동,한천로101길 66,서울장월초등학교병설유치원,유치원(병설),2006
418,성북구,동선동,아리랑로 63,서울정덕초등학교병설유치원,유치원(병설),2010
419,성북구,정릉3동,정릉로9라길 11,서울청덕초등학교병설유치원,유치원(병설),2010
420,성북구,돈암2동,흥천사길 49-23,가람어린이집,어린이집,2014
421,성북구,안암동,안암로 145,고려대학교서울캠퍼스어린이집,어린이집,2019
422,성북구,길음1동,길음로 92,길음빛어린이집,어린이집,2020
423,성북구,길음1동,길음로9길 50,길음성가어린이집,어린이집,2012
424,성북구,길음1동,"길음로 33
(래미안아파트 관리동)",꿈터어린이집,어린이집,2021
425,성북구,돈암2동,흥천사길 29,느티나무어린이집,어린이집,2016
426,성북구,월곡2동,오패산로4길 39-1,목화어린이집,어린이집,2010
427,성북구,보문동,보문동6가 보문로13길 32,보문제일어린이집,어린이집,2021
428,성북구,정릉3동,솔샘로6마길 5,북악어린이집,어린이집,2010
429,성북구,월곡1동,오패산로 21,새싹어린이집,어린이집,2010
430,성북구,정릉4동,서경로 173,성북생명숲어린이집,어린이집,2015
431,성북구,성북동,동소문동1가 성북로4길 13-2,성북어린이집,어린이집,2010
432,성북구,월곡1동,오패산로 98-12,소리어린이집,어린이집,2018
433,성북구,정릉4동,보국문로16가길 82,솔샘어린이집,어린이집,2009
434,성북구,석관동,돌곶이로8길 22,아트리치어린이집,어린이집,2021
435,성북구,안암동,고려대로8길 5,안암어린이집,어린이집,2009
436,성북구,정릉4동,서경로 108,연꽃어린이집,어린이집,2012
437,성북구,월곡1동,오패산로10길 27,영광어린이집,어린이집,2012
438,성북구,길음1동,길음로9길 113,웅지어린이집,어린이집,2010
439,성북구,정릉3동,솔샘로5길 7,이화어린이집,어린이집,2016
440,성북구,장위3동,돌곶이로32길 43,장위3동어린이집,어린이집,2010
441,성북구,장위2동,장월로6길 28,장위어린이집,어린이집,2020
442,성북구,종암동,종암로23길 11,종암어린이집,어린이집,2009
443,성북구,종암동,종암로19길 18,종암중앙어린이집,어린이집,2015
444,성북구,정릉1동,정릉로29길 10,짐랜드어린이집,어린이집,2010
445,성북구,석관동,돌곶이로 52-9,하은어린이집,어린이집,2020
446,성북구,성북동,성북동1가 성북로 37,한빛어린이집,어린이집,2013
447,성북구,성북동 ,성북로31길 5-15,서울다원학교,특수학교,1997
448,강북구,삼양동,솔샘로 195,서울미양초등학교,초등학교,1995
449,강북구,번3동,오현로 204,서울번동초등학교,초등학교,1997
450,강북구,삼각산동,삼양로19길 141,서울삼각산초등학교,초등학교,2003
451,강북구,삼양동,삼양로49길 17,서울삼양초등학교,초등학교,1995
452,강북구,송중동,오현로 9,서울송중초등학교,초등학교,1995
453,강북구,송천동,삼양로20길 29,서울송천초등학교,초등학교,1998
454,강북구,번1동,한천로124길 14,서울수송초등학교,초등학교,2001
455,강북구,수유1동,삼양로74길 39,서울수유초등학교,초등학교,1996
456,강북구,번3동,월계로 221,서울오현초등학교,초등학교,1997
457,강북구,인수동,삼양로99길 36,서울우이초등학교,초등학교,1996
458,강북구,수유1동,인수봉로37길 24,서울유현초등학교,초등학교,1998
459,강북구,인수동,인수봉로 269,서울인수초등학교,초등학교,1995
460,강북구,송중동,솔매로50가길 25,서울화계초등학교,초등학교,1995
461,강북구,송천동,도봉로13가길 19,영훈초등학교,초등학교,1998
462,강북구,번2동,한천로115길 15,꿈동산유치원,유치원(일반),2010
463,강북구,수유2동,삼각산로 161,성체유치원,유치원(일반),1997
464,강북구,삼양동,솔샘로 159,솔샘유치원,유치원(일반),2003
465,강북구,우이동,인수봉로 297,유안유치원,유치원(일반),1998
466,강북구,인수동,덕릉로 45,화계유치원,유치원(일반),1997
467,강북구,삼양동,솔샘로 195,서울미양초등학교병설유치원,유치원(병설),2010
468,강북구,수유1동,삼양로74길 39,서울수유초등학교병설유치원,유치원(병설),2010
469,강북구,번2동,덕릉로40길48,구립 번2동,어린이집,2007
470,강북구,삼양동,삼양로64길32-14,구립 삼양어린이집,어린이집,2007
471,강북구,수유2동,삼양로138길 18,구립 수유2동어린이집,어린이집,2023
472,강북구,삼양동,삼양로41길 60,구립 아람하나어린이집(구 아람),어린이집,2007
473,강북구,인수동,삼양로107길 46,구립 인수동어린이집,어린이집,2007
474,강북구,번3동,한천로109길 57-15,꼬꼬마어린이집,어린이집,2010
475,강북구,우이동,삼양로149길 12,솔밭어린이집,어린이집,2010
476,강북구,수유1동,삼양로79길 12,신기어린이집,어린이집,2007
477,강북구,송중동,오현로9길 27,예원어린이집,어린이집,2009
478,강북구,우이동,삼양로163길 63,제일어린이집,어린이집,2010
479,강북구,송중동,오패산로 191,효성어린이집,어린이집,2010
480,강북구,미아동,솔매로52길 31,서울애화학교,특수학교,1997
481,강북구,수유1동,인수봉로 119-20,서울정인학교,특수학교,2001
482,강북구,삼양동,삼양로63길 33,서울효정학교,특수학교,2021
483,강북구,수유1동,삼양로73가길 47,한빛맹학교,특수학교,1997
484,도봉구,쌍문4동,시루봉로 53,동북초등학교,초등학교,1995
485,도봉구,창5동,도봉로136다길 4,서울가인초등학교,초등학교,2005
486,도봉구,도봉2동,마들로 859-44,서울누원초등학교,초등학교,2006
487,도봉구,도봉1동,도봉로173길 96,서울도봉초등학교,초등학교,1998
488,도봉구,방학2동,도당로9길 34,서울방학초등학교,초등학교,1995
489,도봉구,쌍문1동,삼양로146길 17,서울백운초등학교,초등학교,1995
490,도봉구,쌍문1동,노해로 179,서울숭미초등학교,초등학교,1997
491,도봉구,방학3동,시루봉로 173,서울신방학초등학교,초등학교,1998
492,도봉구,창3동,덕릉로60길 93,서울신창초등학교,초등학교,1995
493,도봉구,방학3동,방학로 247-21,서울신학초등학교,초등학교,1996
494,도봉구,창3동,우이천로 120,서울신화초등학교,초등학교,1996
495,도봉구,쌍문1동,우이천로 360,서울쌍문초등학교,초등학교,1995
496,도봉구,도봉1동,시루봉로 285,서울오봉초등학교,초등학교,2000
497,도봉구,창4동,노해로70길 96,서울월천초등학교,초등학교,1997
498,도봉구,창4동,마들로13길 166,서울자운초등학교,초등학교,1998
499,도봉구,쌍문2동,도봉로129길 54,서울창경초등학교,초등학교,1995
500,도봉구,방학1동,방학로 32-28,서울창도초등학교,초등학교,1997
501,도봉구,창5동,해등로16길 81,서울창동초등학교,초등학교,1998
502,도봉구,창2동,덕릉로63길 46,서울창림초등학교,초등학교,2000
503,도봉구,창5동,해등로 103,서울창원초등학교,초등학교,1995
504,도봉구,창1동,노해로66길 84,서울창일초등학교,초등학교,1997
505,도봉구,방학3동,해등로32길 11,서울초당초등학교,초등학교,1995
506,도봉구,쌍문4동,노해로49길 69,한신초등학교,초등학교,1996
507,도봉구,방학3동,해등로 264,꿈밭유치원,유치원(일반),2009
508,도봉구,방학1동,"마들로 620
(현대아파트 단지 내)",사랑유치원,유치원(일반),2008
509,도봉구,창5동,노해로63가길 101,삼풍유치원,유치원(일반),2010
510,도봉구,창4동,마들로567,서울마들유치원,유치원(일반),2010
511,도봉구,쌍문4동,해등로 241,선희유치원,유치원(일반),2008
512,도봉구,창5동,해등로 113,솔샘유치원,유치원(일반),1997
513,도봉구,창3동,덕릉로 272,신창유치원,유치원(일반),2008
514,도봉구,방학3동,시루봉로 101,유화유치원,유치원(일반),2006
515,도봉구,쌍문4동,노해로49길 69,정의유치원,유치원(일반),2010
516,도봉구,창4동,노해로69가길 11,청아유치원,유치원(일반),2010
517,도봉구,창2동,덕릉로59아길 17,한별유치원,유치원(일반),2009
518,도봉구,창1동,노해로66길 79,한사랑유치원,유치원(일반),2010
519,도봉구,쌍문1동,우이천로32길 38,햇살유치원,유치원(일반),2010
520,도봉구,쌍문4동,시루봉로6길 86,행복한유치원,유치원(일반),1998
521,도봉구,도봉1동,도봉로173길 96,서울도봉초등학교병설유치원,유치원(병설),2010
522,도봉구,창3동,덕릉로60길 93,서울신창초등학교병설유치원,유치원(병설),2010
523,도봉구,창5동,해등로16길 81,서울창동초등학교병설유치원,유치원(병설),2010
524,도봉구,방학2동,도당로13길 34-5,경일어린이집,어린이집,2006
525,도봉구,쌍문1동,우이천로 487-1,"늘봄어린이집
(구 해맑은예체능)",어린이집,2006
526,도봉구,도봉2동,마들로 672-26,다울어린이집,어린이집,2019
527,도봉구,방학2동,시루봉로17길 42,방아골어린이집,어린이집,2017
528,도봉구,방학3동,방학로11길 24,방학3동어린이집,어린이집,2010
529,도봉구,창2동,덕릉로53길 55,봄날어린이집,어린이집,2023
530,도봉구,창3동,덕릉로62길 30,산들어린이집,어린이집,2009
531,도봉구,쌍문2동,방학로3길 100,세인어린이집,어린이집,2009
532,도봉구,창5동,도봉로134길 5,신세인어린이집,어린이집,2012
533,도봉구,쌍문1동,노해로 149-5,쌍문1동어린이집,어린이집,2010
534,도봉구,쌍문2동,방학로5길 34,쌍문2동어린이집,어린이집,2006
535,도봉구,쌍문3동,노해로 238,쌍문삼성어린이집,어린이집,2006
536,도봉구,쌍문1동,우이천로34길 33,아이숲어린이집,어린이집,2014
537,도봉구,방학3동,시루봉로5길 48,원당어린이집,어린이집,2022
538,도봉구,쌍문1동,삼양로 574-44,지앤지어린이집,어린이집,2008
539,도봉구,창2동,도봉로106길 36,창2동새샘어린이집,어린이집,2019
540,도봉구,창2동,덕릉로59길 73-9,창2동어린이집,어린이집,2011
541,도봉구,창3동,덕릉로62길 57-7,창3동어린이집,어린이집,2010
542,도봉구,창4동,마들로 339-13,창4동어린이집,어린이집,2006
543,도봉구,창4동,마들로13길 252,창4동한내어린이집,어린이집,2015
544,도봉구,방학1동,도봉로145길 95,학마을어린이집,어린이집,2006
545,도봉구,쌍문2동,도당로2길 23,햇살마루어린이집,어린이집,2014
546,도봉구,도봉1동,평화로15번길 9-26,"서울도솔학교
(구 서울인강학교)",특수학교,1997
547,도봉구,도봉동,도봉산길 27,서울도봉초등학교,초등학교,2025
548,도봉구,창5동,노해로63가길 43,가인어린이집,어린이집,2025
549,노원구,중계2.3동,덕릉로 541,상명초등학교,초등학교,1998
550,노원구,상계5동,한글비석로41가길 24,서울계상초등학교,초등학교,2002
551,노원구,공릉1동,동일로173길 12,서울공릉초등학교,초등학교,1998
552,노원구,공릉1동,동일로192가길 16,서울공연초등학교,초등학교,1995
553,노원구,상계1동,동일로230나길 32,서울노원초등학교,초등학교,1995
554,노원구,상계1동,동일로 1625,서울노일초등학교,초등학교,1995
555,노원구,월계3동,마들로3길 34,서울녹천초등학교,초등학교,1996
556,노원구,상계6.7동,동일로213길 52,서울당현초등학교,초등학교,1998
557,노원구,상계3.4동,덕릉로112길 68,서울덕암초등학교,초등학교,2003
558,노원구,상계8동,한글비석로 566,서울동일초등학교,초등학교,1996
559,노원구,중계본동,중계로 178,서울불암초등학교,초등학교,1995
560,노원구,상계8동,수락산로 237,서울상경초등학교,초등학교,1996
561,노원구,상계2동,상계로9길 39,서울상계초등학교,초등학교,1995
562,노원구,상계10동,노원로38길 34,서울상곡초등학교,초등학교,1998
563,노원구,상계6.7동,동일로216길 66,서울상수초등학교,초등학교,1996
564,노원구,상계9동,한글비석로54길 119,서울상원초등학교,초등학교,1996
565,노원구,상계10동,동일로221길 27,서울상월초등학교,초등학교,1995
566,노원구,상계6.7동,덕릉로 443,서울상천초등학교,초등학교,1998
567,노원구,월계1동,광운로2길 1,서울선곡초등학교,초등학교,1995
568,노원구,상계1동,동일로 1745,서울수락초등학교,초등학교,1998
569,노원구,중계본동,중계로12길 9,서울수암초등학교,초등학교,2000
570,노원구,월계2동,초안산로 29,서울신계초등학교,초등학교,1995
571,노원구,상계3.4동,상계로 267,서울신상계초등학교,초등학교,1995
572,노원구,월계3동,월계로55길 48,서울연지초등학교,초등학교,1998
573,노원구,하계1동,공릉로58길 36,서울연촌초등학교,초등학교,1996
574,노원구,상계9동,한글비석로52길 59,서울온곡초등학교,초등학교,1998
575,노원구,중계2.3동,한글비석로1길 81-11,서울용동초등학교,초등학교,1996
576,노원구,공릉1동,섬밭로 144,서울용원초등학교,초등학교,1998
577,노원구,중계1동,덕릉로76길 18,서울원광초등학교,초등학교,1997
578,노원구,월계2동,월계로45가길 10,서울월계초등학교,초등학교,1996
579,노원구,중계1동,중계로 239,서울을지초등학교,초등학교,1995
580,노원구,중계4동,한글비석로19길 39,서울중계초등학교,초등학교,1995
581,노원구,중계2.3동,섬밭로 316,서울중원초등학교,초등학교,1997
582,노원구,하계2동,섬밭로 241,서울중평초등학교,초등학교,1998
583,노원구,하계2동,섬밭로 181,서울중현초등학교,초등학교,1996
584,노원구,중계2.3동,공릉로 431,서울청계초등학교,초등학교,1998
585,노원구,공릉2동,화랑로51나길 31,서울태랑초등학교,초등학교,2001
586,노원구,공릉2동,노원로1길 36,서울태릉초등학교,초등학교,1995
587,노원구,월계3동,마들로 45,서울한천초등학교,초등학교,1996
588,노원구,상계9동,한글비석로 506,청원초등학교,초등학교,1998
589,노원구,공릉2동,화랑로 815,태강삼육초등학교,초등학교,1998
590,노원구,공릉2동,화랑로 621,화랑초등학교,초등학교,1998
591,노원구,중계2.3동,동일로208길 34,고운유치원,유치원(일반),2010
592,노원구,공릉1동,동일로198가길 13,공릉 사라유치원,유치원(일반),2006
593,노원구,중계4동,덕릉로79길 23,까치유치원,유치원(일반),2008
594,노원구,공릉2동,공릉로 257,꽃동산유치원,유치원(일반),2010
595,노원구,상계1동,동일로230길 63,꿈터유치원,유치원(일반),2010
596,노원구,월계2동,월계로45가길 94,다연유치원,유치원(일반),2010
597,노원구,상계3.4동,덕릉로 780,동화나라유치원,유치원(일반),2008
598,노원구,월계2동,초안산로 19,두솔유치원,유치원(일반),2010
599,노원구,상계3.4동,덕릉로94가길 54,무지개유치원,유치원(일반),2008
600,노원구,공릉2동,공릉로34길 62,미광유치원,유치원(일반),2010
601,노원구,월계1동,석계로13길 23-14,보고유치원,유치원(일반),2005
602,노원구,월계3동,마들로3길 37,보배유치원,유치원(일반),2010
603,노원구,중계2.3동,노원로19길 33,상원유치원,유치원(일반),1998
604,노원구,상계1동,동일로231길 26,서울노일유치원,유치원(일반),1995
605,노원구,월계3동,월계로55길 16,서울연지유치원,유치원(일반),2010
606,노원구,하계2동,섬밭로 190,선덕유치원,유치원(일반),2008
607,노원구,하계1동,한글비석로1길 28,성실유치원,유치원(일반),2006
608,노원구,상계6.7동,동일로215길 48,성희유치원,유치원(일반),1998
609,노원구,상계10동,동일로221길 32,아이디유치원,유치원(일반),1998
610,노원구,중계2.3동,섬밭로 265,연세유치원,유치원(일반),1998
611,노원구,공릉1동,섬밭로 123,예진유치원,유치원(일반),1997
612,노원구,상계8동,동일로227길 47,온누리유치원,유치원(일반),2015
613,노원구,중계1동,한글비석로 281,우리유치원,유치원(일반),2012
614,노원구,중계본동,중계로14라길 48,원암유치원,유치원(일반),2012
615,노원구,상계9동,한글비석로 506,청원유치원,유치원(일반),2010
616,노원구,월계2동,우이천로 102,초안유치원,유치원(일반),2010
617,노원구,중계4동,덕릉로86길 65,키즈위즈유치원,유치원(일반),2012
618,노원구,상계10동,노원로 522,풍천유치원,유치원(일반),2012
619,노원구,하계2동,동일로207길 186,학여울유치원,유치원(일반),2008
620,노원구,하계1동,한글비석로 145,한성유치원,유치원(일반),2006
621,노원구,공릉1동,동일로173길 12,서울공릉초등학교병설유치원,유치원(병설),2010
622,노원구,상계8동,한글비석로 566,서울동일초등학교병설유치원,유치원(병설),2010
623,노원구,상계8동,수락산로 237,서울상경초등학교병설유치원,유치원(병설),2010
624,노원구,상계10동,노원로38길 34,서울상곡초등학교병설유치원,유치원(병설),2010
625,노원구,상계1동,동일로 1745,서울수락초등학교병설유치원,유치원(병설),2010
626,노원구,중계본동,중계로12길 9,서울수암초등학교병설유치원,유치원(병설),2010
627,노원구,상계3.4동,상계로 267,서울신상계초등학교병설유치원,유치원(병설),2010
628,노원구,하계1동,공릉로58길 36,서울연촌초등학교병설유치원,유치원(병설),2010
629,노원구,공릉2동,화랑로51나길 31,서울태랑초등학교병설유치원,유치원(병설),2010
630,노원구,공릉2동,공릉로34길 73,공릉2동어린이집,어린이집,2008
631,노원구,상계1동,동일로239다길 23,노원어린이집,어린이집,2008
632,노원구,상계1동,동일로245길 56,북부어린이집,어린이집,2008
633,노원구,상계3.4동,덕릉로130길 6,상계4동어린이집,어린이집,2008
634,노원구,상계2동,노원로34길 54,상계삼성어린이집,어린이집,2008
635,노원구,공릉1동,동일로179길 16,예뜨랑어린이집,어린이집,2008
636,노원구,월계1동,석계로 69,월계1동어린이집,어린이집,2008
637,노원구,중계본동,중계로 167,중계어린이집,어린이집,1997
638,노원구,중계본동,중계로8길 17,중계행복어린이집,어린이집,2017
639,노원구,하계1동,공릉로59가길 13,청솔창의어린이집,어린이집,2017
640,노원구,상계1동,동일로230가길 16,품속어린이집,어린이집,2010
641,노원구,하계1동,공릉로58마길 1,하계어린이집,어린이집,2008
642,노원구,상계6.7동,동일로214길 32,한국성서대학교부속 어린이집,어린이집,2008
643,노원구,하계1동,노원로18길 41,서울동천학교,특수학교,1997
644,노원구,하계1동,공릉로58길 24,서울정민학교,특수학교,2012
645,노원구,중계1동,중계로 225,CMS중계중등영재2관학원,학원,2020
646,노원구,중계본동,중계로18길 9,국풍2000학원,학원,2020
647,노원구,중계본동,중계로 206,멘처스학원,학원,2020
648,노원구,중계1동,중계로 220,모멘텀아스트라학원,학원,2020
649,노원구,중계본동,한글비석로 232,소마사고력수학학원,학원,2020
650,노원구,중계1동,중계로 219,수학에미친사람들중계관학원,학원,2020
651,노원구,중계1동,덕릉로 603,씨앤에이논술보습학원,학원,2021
652,노원구,중계본동,한글비석로 250,아발론랭콘중계어학원,학원,2020
653,노원구,중계1동,중계로 218,알로곤영재센터학원,학원,2020
654,노원구,중계본동,한글비석로 270,올림피아드영재센터학원,학원,2020
655,노원구,중계1동,덕릉로73길 18,웅진북클럽학습센터중계학원,학원,2021
656,노원구,중계본동,한글비석로 272,중계덕스어학원,학원,2020
657,노원구,중계본동,한글비석로 232,중계미래탐구초등연재센터학원,학원,2020
658,노원구,중계본동,중계로 206,중계세일입시학원,학원,2020
659,노원구,중계본동,한글비석로 232,중계스텔라어학원,학원,2020
660,노원구,중계1동,중계로 218,청담어학원,학원,2020
661,노원구,중계1동,덕릉로73길 18,크레용미술학원,학원,2021
662,노원구,중계1동,덕릉로 603,페디아플러스중계학원,학원,2021
663,노원구,중계본동,중계로 198,하이레벨수학전문학원,학원,2020
664,노원구,중계본동,중계로 184,하이레벨수학전문학원,학원,2020
665,은평구,갈현2동,연서로29길 31,서울갈현초등학교,초등학교,1995
666,은평구,구산동,서오릉로15길 16,서울구산초등학교,초등학교,1995
667,은평구,구산동,갈현로15길 51,서울구현초등학교,초등학교,2009
668,은평구,녹번동,녹번로1길 1,서울녹번초등학교,초등학교,1995
669,은평구,대조동,통일로69길 12-15,서울대은초등학교,초등학교,1996
670,은평구,대조동,연서로18길 17,서울대조초등학교,초등학교,1995
671,은평구,진관동,대서문길 42-3,서울북한산초등학교,초등학교,1995
672,은평구,불광1동,불광로 51,서울불광초등학교,초등학교,1995
673,은평구,신사2동,가좌로 361,서울상신초등학교,초등학교,1997
674,은평구,신사2동,은평터널로 150,서울서신초등학교,초등학교,2005
675,은평구,불광1동,불광로14길 10-10,서울수리초등학교,초등학교,2011
676,은평구,수색동,수색로16길 21,서울수색초등학교,초등학교,1995
677,은평구,진관동,진관1로 77-23,서울신도초등학교,초등학교,1996
678,은평구,신사2동,가좌로 275-2,서울신사초등학교,초등학교,1995
679,은평구,녹번동,통일로 650,서울어울초등학교,초등학교,2018
680,은평구,역촌동,은평로3길 25,서울역촌초등학교,초등학교,1995
681,은평구,불광2동,연서로35길 37,서울연광초등학교,초등학교,2004
682,은평구,불광2동,연서로 347,서울연신초등학교,초등학교,1995
683,은평구,응암2동,백련산로2길 35,서울연은초등학교,초등학교,1997
684,은평구,불광2동,연서로34길 22,서울연천초등학교,초등학교,1995
685,은평구,응암1동,은평로4길 21-9,서울은명초등학교,초등학교,2008
686,은평구,진관동,진관3로 73-17,서울은빛초등학교,초등학교,2011
687,은평구,진관동,진관1로 21-20,서울은진초등학교,초등학교,2009
688,은평구,녹번동,은평로 239,서울은평초등학교,초등학교,1995
689,은평구,응암3동,가좌로6길 20,서울응암초등학교,초등학교,1995
690,은평구,증산동,증산서길 61,서울증산초등학교,초등학교,1995
691,은평구,진관동,진관4로 78-16,서울진관초등학교,초등학교,2008
692,은평구,갈현2동,갈현로29길 27,선일초등학교,초등학교,1995
693,은평구,구산동,연서로 117,예일초등학교,초등학교,1995
694,은평구,응암3동,가좌로5길 5,충암초등학교,초등학교,1997
695,은평구,진관동,진관4로 31,다우림명문유치원,유치원(일반),2009
696,은평구,증산동,증산서길 53-9,동산유치원,유치원(일반),2009
697,은평구,불광1동,통일로 790-1,바다의별유치원,유치원(일반),1998
698,은평구,역촌동,연서로14길 14-5,백합유치원,유치원(일반),1997
699,은평구,불광1동,불광로 107,새보람유치원,유치원(일반),2007
700,은평구,갈현2동,갈현로 212-1,색동유치원,유치원(일반),2007
701,은평구,진관동,진관4로 93,서울산울림유치원,유치원(일반),2013
702,은평구,역촌동,진흥로7길 25,서울역촌유치원,유치원(일반),1997
703,은평구,진관동,진관2로 111-16,서울진관유치원,유치원(일반),2012
704,은평구,갈현2동,연서로27길 23,성균관유치원,유치원(일반),2010
705,은평구,진관동,진관2로 37,숲유치원,유치원(일반),2012
706,은평구,구산동,연서로 117,예일유치원,유치원(일반),2010
707,은평구,응암2동,응암로28길 34,와우랩유치원,유치원(일반),2003
708,은평구,녹번동,진흥로12길 23,유정유치원,유치원(일반),2009
709,은평구,신사1동,은평로3가길 32,은평국제유치원,유치원(일반),2018
710,은평구,녹번동,통일로 630-1,자연유치원,유치원(일반),2020
711,은평구,수색동,은평터널로 65,효림유치원,유치원(일반),2006
712,은평구,구산동,갈현로15길 51,서울구현초등학교병설유치원,유치원(병설),2010
713,은평구,신사2동,은평터널로 150,서울서신초등학교병설유치원,유치원(병설),2010
714,은평구,수색동,수색로16길 21,서울수색초등학교병설유치원,유치원(병설),2010
715,은평구,진관동,진관1로 77-23,서울신도초등학교병설유치원,유치원(병설),2010
716,은평구,불광2동,연서로35길 37,서울연광초등학교병설유치원,유치원(병설),2010
717,은평구,응암1동,은평로4길 21-9,서울은명초등학교병설유치원,유치원(병설),2010
718,은평구,녹번동,은평로 239,서울은평초등학교병설유치원,유치원(병설),2010
719,은평구,응암1동,백련산로14길 20-11,구립 꿈나무마을어린이집,어린이집,2015
720,은평구,응암2동,응암로16길 20-9,구립 내일어린이집,어린이집,2015
721,은평구,신사1동,갈현로19길 16,구립 다원어린이집,어린이집,2018
722,은평구,불광1동,통일로78길 16,구립 보듬손어린이집,어린이집,2020
723,은평구,응암2동,백련산로 10,구립 응암어린이집,어린이집,2013
724,은평구,진관동,진관1로 48,구립 진관어린이집,어린이집,2019
725,은평구,응암3동,"가좌로7나길 35
(경남아파트 단지 내)",새누리어린이집,어린이집,2021
726,은평구,불광1동,통일로78길 10,성모자애어린이집,어린이집,2006
727,은평구,응암2동,응암로22길 9-9,아이젤어린이집,어린이집,2016
728,은평구,녹번동,응암로 376,은평감리교회방과후어린이집,어린이집,2008
729,은평구,신사2동,가좌로11길 5-3,홍익어린이집,어린이집,2019
730,은평구,구산동,갈현로11길 30,은평대영학교,특수학교,1997
731,서대문구,충현동,경기대로9길 10,경기초등학교,초등학교,1997
732,서대문구,홍은2동,명지2길 32-20,명지초등학교,초등학교,1995
733,서대문구,남가좌1동,모래내로15길 61,서울가재울초등학교,초등학교,2015
734,서대문구,홍제1동,모래내로 441,서울고은초등학교,초등학교,1995
735,서대문구,천연동,통일로 165,서울금화초등학교,초등학교,1996
736,서대문구,신촌동,이화여대2길 27,서울대신초등학교,초등학교,1997
737,서대문구,충현동,충정로 52,서울미동초등학교,초등학교,1997
738,서대문구,북가좌1동,거북골로19길 20,서울북가좌초등학교,초등학교,1995
739,서대문구,북아현동,북아현로1나길 22,서울북성초등학교,초등학교,1997
740,서대문구,홍제1동,통일로 321,서울안산초등학교,초등학교,1998
741,서대문구,남가좌2동,증가로12가길 49-50,서울연가초등학교,초등학교,1995
742,서대문구,연희동,연희로 136,서울연희초등학교,초등학교,1998
743,서대문구,홍제3동,세무서길 33-9,서울인왕초등학교,초등학교,1995
744,서대문구,신촌동,연세로5나길 30-3,서울창서초등학교,초등학교,1996
745,서대문구,홍은2동,백련사길 55,서울홍연초등학교,초등학교,2002
746,서대문구,홍제3동,세검정로 105,서울홍은초등학교,초등학교,1998
747,서대문구,홍은1동,홍은중앙로 13,서울홍제초등학교,초등학교,1995
748,서대문구,신촌동,성산로 512-39,이화여자대학교사범대학부속초등학교,초등학교,1995
749,서대문구,충현동,북아현로11가길 7,추계초등학교,초등학교,1996
750,서대문구,북가좌2동,증가로20나길 12,삼성유치원,유치원(일반),1998
751,서대문구,북아현동,북아현로1나길 32,서울북성유치원,유치원(일반),2010
752,서대문구,북가좌2동,거북골로16길 36,세종유치원,유치원(일반),1998
753,서대문구,신촌동,신촌로 43,신촌유치원,유치원(일반),1998
754,서대문구,남가좌동,명지대길 39-4,연유치원,유치원(일반),2009
755,서대문구,신촌동,이화여대길 52,이화여자대학교사범대학부속이화유치원,유치원(일반),2010
756,서대문구,응암3동,가좌로5길 5,충암유치원,유치원(일반),2009
757,서대문구,홍제1동,통일로25길 30,한양제일유치원,유치원(일반),2007
758,서대문구,홍제2동,통일로34길 66,현대경복유치원,유치원(일반),2009
759,서대문구,홍제1동,모래내로 432,현대홍익유치원,유치원(일반),2010
760,서대문구,홍제3동,통일로40길 18,홍제성당유치원,유치원(일반),2009
761,서대문구,천연동,통일로 165,서울금화초등학교병설유치원,유치원(병설),2010
762,서대문구,홍제3동,세무서길 33-9,서울인왕초등학교병설유치원,유치원(병설),2010
763,서대문구,홍은1동,홍은중앙로 13,서울홍제초등학교병설유치원,유치원(병설),2010
764,서대문구,천연동,독립문로 12,독립문어린이집,어린이집,2006
765,서대문구,홍제2동,통일로34길 19,새솔어린이집,어린이집,2018
766,서대문구,신촌동,연대동문길 41,세브란스어린이집,어린이집,2010
767,서대문구,남가좌2동,증가로10길 16-9,환희어린이집,어린이집,2010
768,서대문구,연희동,연희로22길 39,서울외국인학교,외국인학교,2016
769,마포구,공덕동,만리재옛길 13,서울공덕초등학교,초등학교,1995
770,마포구,망원2동,월드컵로25길 86,서울동교초등학교,초등학교,1995
771,마포구,도화동,도화2길 64,서울마포초등학교,초등학교,1995
772,마포구,망원2동,방울내로5길 28,서울망원초등학교,초등학교,1995
773,마포구,상암동,월드컵북로 353,서울상암초등학교,초등학교,2005
774,마포구,상암동,월드컵로42길 30,서울상지초등학교,초등학교,2007
775,마포구,서강동,독막로 113,서울서강초등학교,초등학교,1995
776,마포구,서교동,와우산로23길 20-27,서울서교초등학교,초등학교,1996
777,마포구,합정동,양화로3길 94,서울성산초등학교,초등학교,1996
778,마포구,성산1동,성미산로7길 24,서울성서초등학교,초등학교,1995
779,마포구,성산2동,월드컵로36길 34,서울성원초등학교,초등학교,1995
780,마포구,공덕동,마포대로24길 42,서울소의초등학교,초등학교,1995
781,마포구,성산2동,월드컵북로38길 26,서울신북초등학교,초등학교,1996
782,마포구,신수동,대흥로 33,서울신석초등학교,초등학교,1995
783,마포구,아현동,굴레방로 6,서울아현초등학교,초등학교,1995
784,마포구,용강동,토정로37길 37,서울염리초등학교,초등학교,1995
785,마포구,대흥동,백범로17길 9,서울용강초등학교,초등학교,1995
786,마포구,성산2동,월드컵북로 152,서울중동초등학교,초등학교,1995
787,마포구,대흥동,백범로1길 56,서울창천초등학교,초등학교,1996
788,마포구,상암동,월드컵북로 502-14,서울하늘초등학교,초등학교,2010
789,마포구,염리동,대흥로24바길 27,서울한서초등학교,초등학교,1996
790,마포구,성산1동,성미산로 51,홍익대학교사범대학부속초등학교,초등학교,1995
791,마포구,상암동,매봉산로 24-1,나사렛유치원,유치원(일반),2009
792,마포구,성산1동,성미산로11길 36,대진유치원,유치원(일반),2009
793,마포구,연남동,성미산로 110,마포대진유치원,유치원(일반),2010
794,마포구,서교동,잔다리로6길 11,배영유치원,유치원(일반),2007
795,마포구,도화동,도화4길 62,삼성그린유치원,유치원(일반),2010
796,마포구,도화동,새창로 52,새현대유치원,유치원(일반),2004
797,마포구,성산2동,새터산16길 14,서일유치원,유치원(일반),1997
798,마포구,신수동,독막로28길 19,성결유치원,유치원(일반),2013
799,마포구,성산2동,새터산2길 34,성산아트유치원(구 꿈터유치원),유치원(일반),1999
800,마포구,상암동,월드컵로42길 38,월드유치원,유치원(일반),2010
801,마포구,염리동,숭문6길 19,정님유치원,유치원(일반),2005
802,마포구,연남동,성미산로 111,홍익대학교사범대학부속유치원,유치원(일반),2004
803,마포구,공덕동,만리재옛길 13,서울공덕초등학교병설유치원,유치원(병설),2010
804,마포구,도화동,도화2길 64,서울마포초등학교병설유치원,유치원(병설),2010
805,마포구,상암동,월드컵북로 353,서울상암초등학교병설유치원,유치원(병설),2010
806,마포구,상암동,월드컵로42길 30,서울상지초등학교병설유치원,유치원(병설),2010
807,마포구,대흥동,백범로17길 9,서울용강초등학교병설유치원,유치원(병설),2010
808,마포구,대흥동,백범로1길 56,서울창천초등학교병설유치원,유치원(병설),2010
809,마포구,서교동,와우산로37길 16,구립 동교어린이집,어린이집,2018
810,마포구,도화동,도화4길 94,구립 연화어린이집,어린이집,2008
811,마포구,대흥동,신촌로20길 15,노고산어린이집,어린이집,2018
812,마포구,망원2동,방울내로 21,샘물어린이집,어린이집,2008
813,마포구,서강동,와우산로30길 79,서강어린이집,어린이집,2015
814,마포구,성산2동,월드컵북로30길 14,성산어린이집,어린이집,2008
815,마포구,신수동,대흥로 11,신석어린이집,어린이집,2016
816,마포구,서강동,독막로 145,아이빛어린이집,어린이집,2016
817,마포구,도화동,마포대로4나길 28,진선미어린이집,어린이집,2008
818,마포구,서강동,창전로 69,창전어린이집,어린이집,2008
819,마포구,상암동,월드컵북로62길 11,서울일본인학교,외국인학교,2010
820,양천구,신정7동,목동로 31,서울갈산초등학교,초등학교,1997
821,양천구,신월4동,오목로 31,서울강서초등학교,초등학교,1996
822,양천구,신월5동,월정로 280,서울강신초등학교,초등학교,1996
823,양천구,신월7동,신월로 97,서울강월초등학교,초등학교,1997
824,양천구,목5동,안양천로 1009,서울경인초등학교,초등학교,1997
825,양천구,신정7동,목동동로2길 54,서울계남초등학교,초등학교,1997
826,양천구,신정3동,중앙로23길 3,서울남명초등학교,초등학교,1995
827,양천구,신정2동,목동동로12길 12,서울목동초등학교,초등학교,1997
828,양천구,목1동,목동동로 235,서울목운초등학교,초등학교,2009
829,양천구,목5동,목동중앙로 204,서울목원초등학교,초등학교,1998
830,양천구,목1동,목동로8길 19,서울서정초등학교,초등학교,1997
831,양천구,신월2동,중앙로55길 72,서울신강초등학교,초등학교,1998
832,양천구,신정3동,신정로 292,서울신기초등학교,초등학교,2000
833,양천구,신월6동,남부순환로83길 44,서울신남초등학교,초등학교,1998
834,양천구,신정2동,신목로5길 11-6,서울신목초등학교,초등학교,1997
835,양천구,신정1동,목동서로10길 35,서울신서초등학교,초등학교,1997
836,양천구,신월3동,남부순환로58길 32,서울신원초등학교,초등학교,1996
837,양천구,신정3동,신정이펜2로 30,서울신은초등학교,초등학교,2011
838,양천구,신월2동,오목로 101,서울양강초등학교,초등학교,1996
839,양천구,신정4동,오목로23길 24,서울양동초등학교,초등학교,1995
840,양천구,신정1동,중앙로 204,서울양명초등학교,초등학교,1997
841,양천구,신정4동,목동로11길 30,서울양목초등학교,초등학교,1997
842,양천구,신월3동,화곡로 16,서울양원초등학교,초등학교,1996
843,양천구,목2동,목동중앙북로16길 57,서울양화초등학교,초등학교,1997
844,양천구,목5동,목동중앙로 70,서울영도초등학교,초등학교,1997
845,양천구,목5동,목동중앙로 132,서울월촌초등학교,초등학교,1997
846,양천구,신정7동,목동남로 85,서울은정초등학교,초등학교,1997
847,양천구,신정3동,신정로13가길 30,서울장수초등학교,초등학교,2007
848,양천구,목4동,목동중앙로3길 30-10,서울정목초등학교,초등학교,1997
849,양천구,신정3동,신정로11길 74,서울지향초등학교,초등학교,2004
850,양천구,신정3동,남부순환로86길 22,계상유치원,유치원(일반),2010
851,양천구,신월3동,남부순환로30길 17,광영유치원,유치원(일반),2010
852,양천구,신정2동,목동동로12길 60,등대유치원,유치원(일반),1998
853,양천구,목3동,목동중앙북로8길 46,등촌유치원,유치원(일반),1998
854,양천구,신월4동,월정로9길 23-4,목동다솜유치원,유치원(일반),1998
855,양천구,신정4동,오목로42길 13,목동유치원,유치원(일반),2010
856,양천구,신정7동,목동동로 50,목성유치원,유치원(일반),1998
857,양천구,목1동,목동로 212,빛나유치원,유치원(일반),1999
858,양천구,신월7동,신월로 99,샘터유치원,유치원(일반),1998
859,양천구,목5동,안양천로 1009,서울경인유치원,유치원(일반),2010
860,양천구,신정3동,신정로7길 81-4,서울신정유치원,유치원(일반),2016
861,양천구,신정6동,목동동로 130,세화유치원,유치원(일반),2007
862,양천구,목2동,목동중앙북로10길 7-10,신목유치원,유치원(일반),2008
863,양천구,신정3동,신정로 290,신예유치원,유치원(일반),2010
864,양천구,목5동,목동서로 100,아란유치원,유치원(일반),2010
865,양천구,신정7동,목동남로4길 6-46,어린이의정원유치원,유치원(일반),1998
866,양천구,목5동,목동동로 350,원일유치원,유치원(일반),1998
867,양천구,신정4동,중앙로52길 62,튼튼유치원,유치원(일반),1999
868,양천구,목5동,목동동로 430,한서유치원,유치원(일반),2010
869,양천구,목5동,목동서로2길 22,해림유치원,유치원(일반),1997
870,양천구,신정3동,신정로 292,서울신기초등학교병설유치원,유치원(병설),2010
871,양천구,신월3동,남부순환로58길 32,서울신원초등학교병설유치원,유치원(병설),2010
872,양천구,신정4동,목동로11길 30,서울양목초등학교병설유치원,유치원(병설),2010
873,양천구,목5동,목동중앙로 70,서울영도초등학교병설유치원,유치원(병설),2010
874,양천구,목5동,목동중앙로 132,서울월촌초등학교병설유치원,유치원(병설),2010
875,양천구,신정3동,신정로13가길 30,서울장수초등학교병설유치원,유치원(병설),2010
876,양천구,신월1동,남부순환로65길 2,구립 곰달래어린이집,어린이집,2008
877,양천구,목1동,목동동로12길 7,구립 꿈나래어린이집,어린이집,1997
878,양천구,신정3동,신정이펜1로 50,구립 넓은들어린이집,어린이집,2012
879,양천구,목2동,목동중앙로13길 22,구립 다솜어린이집,어린이집,1997
880,양천구,신월5동,월정로 289,구립 둥지어린이집,어린이집,2010
881,양천구,목2동,목동중앙본로 104-1,구립 목2동어린이집,어린이집,2019
882,양천구,목5동,목동서로8길 32,구립 목동어린이집,어린이집,2008
883,양천구,목4동,목동중앙서로11길 48,구립 무궁화어린이집,어린이집,2008
884,양천구,신정7동,목동남로4길 38 3층,구립 신나는어린이집,어린이집,1997
885,양천구,신정3동,중앙로47길 30,구립 신정3동어린이집,어린이집,2010
886,양천구,신월3동,가로공원로58길 32 1층,구립 양천SOS어린이집,어린이집,1997
887,양천구,신정4동,중앙로46길 57,구립 은행정어린이집,어린이집,2008
888,양천구,신정4동,목동로15길 24,구립 은혜어린이집,어린이집,2010
889,양천구,목3동,목동중앙남로3가길 115,구립 청솔어린이집,어린이집,1997
890,양천구,신월3동,가로공원로 85,구립 파란들어린이집,어린이집,1997
891,양천구,신월7동,남부순환로70길 8,구립파랑새어린이집,어린이집,2024
892,양천구,신월4동,오목로5길 34,구립 해나라어린이집,어린이집,2010
893,양천구,신정1동,목동동로1길 33,구립 해바라기어린이집,어린이집,2010
894,양천구,신월7동,지양로13길 20,신월이화어린이집,어린이집,2020
895,양천구,신정6동,목동동로8길 36,양천삼성어린이집,어린이집,1997
896,양천구,목2동,목동중앙본로18길 11,엄마사랑어린이집,어린이집,2008
897,양천구,신정4동,신정중앙로16길 10,예뜰어린이집,어린이집,2011
898,양천구,신월7동,지양로11길 9,우리또래어린이집,어린이집,2008
899,양천구,신월2동,신월로 226,이화어린이집,어린이집,2008
900,양천구,신월6동,남부순환로73길 15-8,지원어린이집,어린이집,2011
901,양천구,신월6동,남부순환로85길12-19,청운어린이집,어린이집,2019
902,양천구,신월4동,남부순환로67길10-6,푸르미어린이집,어린이집,2015
903,강서구,발산1동,공항대로36길 74,서울가곡초등학교,초등학교,1995
904,강서구,가양3동,허준로 186,서울가양초등학교,초등학교,1997
905,강서구,방화1동,양천로 11,서울개화초등학교,초등학교,1997
906,강서구,공항동,마곡서로 33,서울공진초등학교,초등학교,1997
907,강서구,방화1동,마곡서1로 68,서울공항초등학교,초등학교,1997
908,강서구,우장산동,강서로46길 23,서울내발산초등학교,초등학교,1997
909,강서구,등촌2동,등촌로35길 12,서울등마초등학교,초등학교,2009
910,강서구,등촌3동,강서로56나길 34,서울등명초등학교,초등학교,1997
911,강서구,화곡6동,화곡로58길 86,서울등서초등학교,초등학교,1997
912,강서구,등촌3동,강서로56나길 140,서울등양초등학교,초등학교,1997
913,강서구,등촌3동,화곡로65길 90,서울등원초등학교,초등학교,1997
914,강서구,등촌2동,등촌로39길 71,서울등촌초등학교,초등학교,1997
915,강서구,등촌3동,화곡로65길 124,서울등현초등학교,초등학교,1997
916,강서구,발산1동,강서로45길 113,서울발산초등학교,초등학교,1995
917,강서구,방화2동,양천로6길 92,서울방화초등학교,초등학교,1995
918,강서구,등촌1동,공항대로 491,서울백석초등학교,초등학교,1995
919,강서구,방화3동,금낭화로 222,서울삼정초등학교,초등학교,1995
920,강서구,공항동,공항대로3길 18,서울송정초등학교,초등학교,1996
921,강서구,방화1동,방화대로34길 2,서울송화초등학교,초등학교,1997
922,강서구,발산1동,수명로1길 84,서울수명초등학교,초등학교,2008
923,강서구,화곡4동,등촌로13자길 42-14,서울신곡초등학교,초등학교,1995
924,강서구,화곡1동,강서로31길 48,서울신월초등학교,초등학교,1996
925,강서구,화곡2동,곰달래로31가길 27,서울신정초등학교,초등학교,1996
926,강서구,가양1동,양천로 329,서울양천초등학교,초등학교,1997
927,강서구,염창동,양천로69길 49,서울염경초등학교,초등학교,2005
928,강서구,염창동,양천로73길 17,서울염동초등학교,초등학교,1998
929,강서구,염창동,양천로 646-28,서울염창초등학교,초등학교,1997
930,강서구,우장산동,화곡로 263,서울우장초등학교,초등학교,1996
931,강서구,화곡1동,월정로 176,서울월정초등학교,초등학교,1997
932,강서구,방화3동,방화대로50길 22,서울정곡초등학교,초등학교,1995
933,강서구,방화3동,방화대로47길 43,서울치현초등학교,초등학교,1995
934,강서구,가양2동,허준로 109,서울탑산초등학교,초등학교,1997
935,강서구,화곡본동,초록마을로 28,서울화곡초등학교,초등학교,1996
936,강서구,화곡본동,까치산로10길 70,서울화일초등학교,초등학교,2005
937,강서구,등촌3동,화곡로69길 9,유석초등학교,초등학교,1997
938,강서구,화곡6동,까치산로 116,강서유치원,유치원(일반),2009
939,강서구,가양1동,양천로30길 4,국제유치원,유치원(일반),1999
940,강서구,화곡4동,곰달래로57길 39,대유유치원,유치원(일반),1998
941,강서구,등촌1동,화곡로66길 118,등촌제일유치원,유치원(일반),2007
942,강서구,등촌2동,공항대로58가길 39,미도유치원,유치원(일반),1997
943,강서구,방화1동,양천로17길 4-55,방화이화유치원,유치원(일반),1998
944,강서구,등촌3동,공항대로39길 100,보라유치원,유치원(일반),1997
945,강서구,방화2동,금낭화로 35,서울금낭화유치원,유치원(일반),2022
946,강서구,방화1동,마곡서1로 139-13,서울마곡유치원,유치원(일반),2015
947,강서구,화곡본동,까치산로2길 43,선미유치원,유치원(일반),2003
948,강서구,가양1동,허준로 47,신세기유치원,유치원(일반),2003
949,강서구,화곡8동,곰달래로25길 4,신영유치원,유치원(일반),1997
950,강서구,발산1동,강서로47길 126,예일유치원,유치원(일반),2009
951,강서구,화곡2동,곰달래로47길 88,우일유치원,유치원(일반),2003
952,강서구,우장산동,강서로 348,우현유치원,유치원(일반),2018
953,강서구,화곡3동,화곡로13길 107,윤서유치원,유치원(일반),2004
954,강서구,공항동,마곡서로 33,서울공진초등학교병설유치원,유치원(병설),1997
955,강서구,방화1동,마곡서1로 68,서울공항초등학교병설유치원,유치원(병설),1997
956,강서구,우장산동,강서로46길 23,서울내발산초등학교병설유치원,유치원(병설),1997
957,강서구,염창동,양천로69길 49,서울염경초등학교병설유치원,유치원(병설),2005
958,강서구,방화3동,방화대로50길 22,서울정곡초등학교병설유치원,유치원(병설),1995
959,강서구,화곡본동,까치산로10길 70,서울화일초등학교병설유치원,유치원(병설),2005
960,강서구,가양1동,마곡중앙10로30,LG사이언스파크어린이집,어린이집,2019
961,강서구,화곡1동,곰달래로15길 25,구립 배다리어린이집,어린이집,2017
962,강서구,화곡1동,강서로17다길15-14,구립 새하늘어린이집,어린이집,2020
963,강서구,방화2동,개화동로27길13,구립 아이솔 어린이집,어린이집,2016
964,강서구,가양1동,마곡중앙8로1길10,구립 엠밸리큰나무어린이집,어린이집,2020
965,강서구,우장산동,"화곡로31다길 20
(우장산숲아이파크 단지 내)",구립 우장산어린이집,어린이집,2023
966,강서구,화곡본동,초록마을로106,구립 하늘마음어린이집,어린이집,2019
967,강서구,화곡3동,강서로45다길102,구립 하늘숲어린이집,어린이집,2020
968,강서구,화곡3동,강서로33가길42,근로복지공단 강서(공공직장)어린이집,어린이집,2021
969,강서구,화곡4동,곰달래로53길30-20,근로복지공단곰달래어린이집,어린이집,2009
970,강서구,화곡8동,강서로12길29-10,까치산어린이집,어린이집,2016
971,강서구,화곡4동,곰달래로53가길6,꿈을여는어린이집,어린이집,2020
972,강서구,염창동,양천로75길44,동산어린이집,어린이집,2011
973,강서구,화곡본동,초록마을로18길36,리라어린이집,어린이집,2021
974,강서구,우장산동,우장산로45,발산어린이집,어린이집,2009
975,강서구,발산1동,강서로47바길 21,버클리어린이집,어린이집,2018
976,강서구,등촌1동,공항대로55길 22,별빛어린이집,어린이집,2022
977,강서구,방화2동,개화동로23길111,성산어린이집,어린이집,2020
978,강서구,염창동,"양천로77길45
(무학아파트 상가동)",신원어린이집,어린이집,2015
979,강서구,화곡8동,강서로18가길25,어린왕자어린이집,어린이집,2016
980,강서구,화곡8동,강서로12길23-7,에반어린이집,어린이집,2016
981,강서구,방화3동,방화대로49길52,예은어린이집,어린이집,2016
982,강서구,방화2동,금낭화로11길48,이레어린이집,어린이집,2014
983,강서구,공항동,송정로1길13,프란치스코어린이집,어린이집,2009
984,강서구,화곡6동,까치산로22길 38,교남학교,특수학교,1997
985,강서구,가양2동,양천로55길 22,서울서진학교,특수학교,2021
986,강서구,화곡본동,초록마을로6길 6,눈높이이러닝센터,학원,2020
987,강서구,화곡4동,곰달래로49길 80,스터디플랜독서실,학원,2020
988,강서구,내발산동,강서로45길 63,홍신유치원,유치원(일반),2025
989,구로구,개봉3동,개봉로1다길 16-9,서울개명초등학교,초등학교,1996
990,구로구,개봉3동,개봉로16길 30-11,서울개봉초등학교,초등학교,1995
991,구로구,개봉3동,개봉로11길 98,서울개웅초등학교,초등학교,1997
992,구로구,고척1동,중앙로 6,서울고산초등학교,초등학교,1995
993,구로구,고척1동,경인로46길 13,서울고원초등학교,초등학교,2004
994,구로구,고척1동,경서로 31,서울고척초등학교,초등학교,1995
995,구로구,구로3동,디지털로27길 76,서울구로남초등학교,초등학교,1995
996,구로구,구로2동,구로중앙로27나길 9,서울구로초등학교,초등학교,1995
997,구로구,구로1동,구일로 68,서울구일초등학교,초등학교,1996
998,구로구,고척2동,고척로 213,서울덕의초등학교,초등학교,1995
999,구로구,구로4동,구로중앙로14길 43,서울동구로초등학교,초등학교,1995
1000,구로구,개봉1동,고척로21길 55,서울매봉초등학교,초등학교,1995
1001,구로구,구로5동,새말로 73,서울미래초등학교,초등학교,2001
1002,구로구,고척2동,고척로33길 34,서울세곡초등학교,초등학교,1995
1003,구로구,구로5동,가마산로27길 69,서울신구로초등학교,초등학교,1996
1004,구로구,신도림동,신도림로19길 44,서울신도림초등학교,초등학교,1997
1005,구로구,신도림동,신도림로 26,서울신미림초등학교,초등학교,2001
1006,구로구,구로3동,도림로20길 57,서울영서초등학교,초등학교,1996
1007,구로구,가리봉동,남부순환로105길 218,서울영일초등학교,초등학교,1996
1008,구로구,오류2동,서해안로24길 22,서울오류남초등학교,초등학교,1996
1009,구로구,오류1동,경인로19길 39,서울오류초등학교,초등학교,1996
1010,구로구,오류2동,경인로2길 10,서울오정초등학교,초등학교,1995
1011,구로구,수궁동,부일로 893,서울온수초등학교,초등학교,1997
1012,구로구,오류2동,천왕로1길 11,서울천왕초등학교,초등학교,2011
1013,구로구,오류2동,오리로 1106,서울하늘숲초등학교,초등학교,2018
1014,구로구,항동,연동로 178,서울항동초등학교,초등학교,2018
1015,구로구,구로3동,디지털로27다길 15,꿀벌유치원,유치원(일반),1998
1016,구로구,오류2동,경인로2길 11,동정성모유치원,유치원(일반),1995
1017,구로구,개봉2동,개봉로18길 37,미림유치원,유치원(일반),2009
1018,구로구,신도림동,신도림로11가길 36,사랑유치원,유치원(일반),2009
1019,구로구,구로2동,구로동로17길 37-4,서울남유치원,유치원(일반),2010
1020,구로구,오류2동,오리로 1102-19,서울하늘숲유치원,유치원(일반),2014
1021,구로구,구로1동,구일로2길 45,신도유치원,유치원(일반),2006
1022,구로구,수궁동,부일로1길 125,예쁨유치원,유치원(일반),1998
1023,구로구,오류2동,서해안로 2201,푸른동산유치원,유치원(일반),2013
1024,구로구,오류1동,고척로 62-11,혜원유치원,유치원(일반),2010
1025,구로구,개봉3동,개봉로16길 30-11,서울개봉초등학교병설유치원,유치원(병설),2010
1026,구로구,고척1동,경서로 31,서울고척초등학교병설유치원,유치원(병설),2010
1027,구로구,개봉1동,고척로21길 55,서울매봉초등학교병설유치원,유치원(병설),2010
1028,구로구,구로5동,새말로 73,서울미래초등학교병설유치원,유치원(병설),2010
1029,구로구,신도림동,신도림로 26,서울신미림초등학교병설유치원,유치원(병설),2010
1030,구로구,구로3동,도림로20길 57,서울영서초등학교병설유치원,유치원(병설),2010
1031,구로구,개봉3동,"개봉로3길87
(한진아파트 내)",광진선교어린이집,어린이집,2010
1032,구로구,구로2동,가마산로174,구로삼성어린이집,어린이집,2010
1033,구로구,구로1동,구일로62,구립 구일어린이집,어린이집,2009
1034,구로구,수궁동,오리로17길48,궁동어린이집,어린이집,2010
1035,구로구,고척1동,경인로47가길35,남산어린이집,어린이집,2010
1036,구로구,구로5동,구로중앙로32가길18,샛별어린이집,어린이집,2013
1037,구로구,오류1동,"고척로18길92
(오류동감리교회)",세라핌어린이집,어린이집,2010
1038,구로구,오류2동,서해안로28길18,예쁜별어린이집,어린이집,2014
1039,구로구,개봉3동,개봉로11길55-16,지암어린이집,어린이집,2010
1040,구로구,오류1동,"경인로20가길24
(오류동 행복주택 내)",코레일오류동어린이집,어린이집,2019
1041,구로구,항동,연동로284,항동어린이집,어린이집,2016
1042,구로구,수궁동,부일로9길 158,서울정진학교,특수학교,2007
1043,구로구,항동,연동로 320,성베드로학교,특수학교,2007
1044,구로구,오류2동,오리로 1189,지구촌학교,대안학교,2018
1045,금천구,시흥2동,탑골로10길 45,동광초등학교,초등학교,2003
1046,금천구,독산1동,남부순환로 1304-11,서울가산초등학교,초등학교,1995
1047,금천구,독산1동,시흥대로79길 37,서울금나래초등학교,초등학교,2016
1048,금천구,시흥2동,금하로30길 53,서울금동초등학교,초등학교,2003
1049,금천구,시흥3동,시흥대로24길 57,서울금산초등학교,초등학교,1998
1050,금천구,시흥5동,탑골로5길 60,서울금천초등학교,초등학교,1997
1051,금천구,독산2동,시흥대로104길 31,서울독산초등학교,초등학교,1995
1052,금천구,독산1동,범안로11길 3,서울두산초등학교,초등학교,1995
1053,금천구,독산2동,독산로54길 102,서울문교초등학교,초등학교,1995
1054,금천구,시흥1동,시흥대로47길 43-1,서울문백초등학교,초등학교,1997
1055,금천구,독산3동,시흥대로 460,서울문성초등학교,초등학교,1996
1056,금천구,시흥5동,시흥대로38길 78,서울백산초등학교,초등학교,1995
1057,금천구,시흥1동,독산로23길 26,서울시흥초등학교,초등학교,1997
1058,금천구,시흥4동,독산로36나길 21,서울신흥초등학교,초등학교,1995
1059,금천구,독산1동,한내로 69-16,서울안천초등학교,초등학교,1996
1060,금천구,독산3동,문성로 62-15,서울영남초등학교,초등학교,1995
1061,금천구,독산4동,독산로78다길 89,서울정심초등학교,초등학교,1996
1062,금천구,시흥2동,탑골로 47-3,서울탑동초등학교,초등학교,1995
1063,금천구,독산3동,시흥대로152길 35,동산유치원,유치원(일반),2010
1064,금천구,시흥3동,시흥대로38길 62,서울국악유치원,유치원(일반),2010
1065,금천구,시흥2동,탑골로 47-3,서울탑동유치원,유치원(일반),2010
1066,금천구,독산1동,범안로11길 3,서울두산초등학교병설유치원,유치원(병설),2010
1067,금천구,시흥5동,시흥대로38길 78,서울백산초등학교병설유치원,유치원(병설),2010
1068,금천구,가산동,벚꽃로38길35,구립 가산어린이집,어린이집,2011
1069,금천구,독산3동,독산로54길251,구립 개미어린이집,어린이집,1999
1070,금천구,시흥1동,시흥대로70길34,구립 금주어린이집,어린이집,2012
1071,금천구,독산1동,범안로12길63-3,구립 기쁨어린이집,어린이집,2009
1072,금천구,시흥1동,금하로3길32,구립 꿈나래어린이집,어린이집,2009
1073,금천구,독산2동,시흥대로98길45,구립 독산2동어린이집,어린이집,1998
1074,금천구,독산3동,시흥대로150길79,구립 독산본동어린이집,어린이집,2012
1075,금천구,독산3동,독산로94길17,구립 별마루(구 한울아트스쿨)어린이집,어린이집,2011
1076,금천구,시흥3동,시흥대로12길82,구립 새길어린이집,어린이집,2012
1077,금천구,독산2동,독산로58가길88,구립 새롬어린이집,어린이집,2015
1078,금천구,시흥4동,독산로36길14,구립 시흥4동어린이집,어린이집,2012
1079,금천구,시흥5동,독산로10길24,구립 시흥5동어린이집,어린이집,2006
1080,금천구,독산2동,시흥대로86길20,구립 옥계어린이집,어린이집,2012
1081,금천구,독산4동,독산로54길129,구립 정심어린이집,어린이집,1999
1082,금천구,가산동,가산로9길35,근로복지공단모아래어린이집,어린이집,2006
1083,금천구,시흥5동,독산로12,본동어린이집,어린이집,2009
1084,금천구,가산동,가산로3길 46,샛별어린이집,어린이집,2011
1085,금천구,시흥1동,시흥대로45길35,양문어린이집,어린이집,2011
1086,금천구,시흥5동,시흥대로40길93,자연유아어린이집,어린이집,2006
1087,금천구,독산2동,시흥대로90길63,해솔예술어린이집,어린이집,2013
1088,영등포구,양평2동,선유로55길 32,서울당산초등학교,초등학교,1995
1089,영등포구,당산2동,당산로 187,서울당서초등학교,초등학교,1995
1090,영등포구,양평1동,선유로 131,서울당중초등학교,초등학교,1995
1091,영등포구,신길6동,대방천로 206,서울대길초등학교,초등학교,1995
1092,영등포구,대림2동,대림로21길 6,서울대동초등학교,초등학교,1995
1093,영등포구,신길7동,여의대방로35길 14,서울대방초등학교,초등학교,1998
1094,영등포구,신길5동,신길로23길 43,서울대영초등학교,초등학교,1995
1095,영등포구,신길3동,가마산로65길 22,서울도림초등학교,초등학교,1995
1096,영등포구,대림3동,도림로53길 32-9,서울도신초등학교,초등학교,1995
1097,영등포구,문래동,문래로 104,서울문래초등학교,초등학교,1995
1098,영등포구,양평2동,선유로43가길 14,서울선유초등학교,초등학교,2007
1099,영등포구,대림1동,대림로8길 25,서울신대림초등학교,초등학교,1997
1100,영등포구,대림3동,도신로4길 32,서울신영초등학교,초등학교,1995
1101,영등포구,여의동,여의대방로 439,서울여의도초등학교,초등학교,1995
1102,영등포구,당산2동,국회대로53길 20,서울영동초등학교,초등학교,1995
1103,영등포구,문래동,경인로 756,서울영등포초등학교,초등학교,1996
1104,영등포구,대림2동,시흥대로173길 14,서울영림초등학교,초등학교,1996
1105,영등포구,문래동,문래로 56,서울영문초등학교,초등학교,2005
1106,영등포구,신길1동,도신로60길 23,서울영신초등학교,초등학교,1995
1107,영등포구,영등포본동,도영로22길 31,서울영원초등학교,초등학교,2001
1108,영등포구,영등포동,양산로 185,서울영중초등학교,초등학교,1995
1109,영등포구,신길4동,신길로 190,서울우신초등학교,초등학교,1998
1110,영등포구,여의동,여의나루로2길 14,서울윤중초등학교,초등학교,1996
1111,영등포구,도림동,도영로22길 22,돈보스꼬유치원,유치원(일반),2012
1112,영등포구,신길4동,신길로40길 10,동천유치원,유치원(일반),2008
1113,영등포구,신길3동,신길로41라길 13-9,명신유치원,유치원(일반),2008
1114,영등포구,당산1동,양산로17길 8,무지개영재유치원,유치원(일반),2009
1115,영등포구,신길5동,신길로 93,살레시오성미유치원,유치원(일반),2009
1116,영등포구,신길7동,가마산로89길 7,성모유치원,유치원(일반),1999
1117,영등포구,신길4동,신길로38길 21,신길에덴유치원,유치원(일반),1998
1118,영등포구,영등포본동,영등포로64길 8,신라유치원,유치원(일반),2008
1119,영등포구,양평1동,양산로 61,영은유치원,유치원(일반),2010
1120,영등포구,영등포동,영중로 163,영중유치원,유치원(일반),1998
1121,영등포구,신길3동,도신로 68-1,우성유치원,유치원(일반),2008
1122,영등포구,당산1동,당산로28길 11,은하유치원,유치원(일반),2009
1123,영등포구,여의동,국제금융로 118,침례유치원,유치원(일반),1998
1124,영등포구,대림3동,도신로 31,큰나무유치원,유치원(일반),2008
1125,영등포구,대림3동,도신로8길 17,파란나라유치원,유치원(일반),2008
1126,영등포구,대림3동,가마산로 384,파랑새유치원,유치원(일반),2009
1127,영등포구,대림1동,신길로 27,평강유치원,유치원(일반),2009
1128,영등포구,당산2동,선유동2로 40,평화유치원,유치원(일반),2009
1129,영등포구,양평2동,양평로24길 9,한신혜원유치원,유치원(일반),2009
1130,영등포구,영등포동,영중로41길 5,한영유치원,유치원(일반),1997
1131,영등포구,양평1동,선유로 131,서울당중초등학교병설유치원,유치원(병설),2010
1132,영등포구,대림2동,대림로21길 6,서울대동초등학교병설유치원,유치원(병설),2010
1133,영등포구,대림3동,도림로53길 32-9,서울도신초등학교병설유치원,유치원(병설),2010
1134,영등포구,문래동,경인로 756,서울영등포초등학교병설유치원,유치원(병설),2010
1135,영등포구,대림2동,시흥대로173길 14,서울영림초등학교병설유치원,유치원(병설),2010
1136,영등포구,영등포동,양산로 185,서울영중초등학교병설유치원,유치원(병설),2010
1137,영등포구,여의동,여의나루로2길 14,서울윤중초등학교병설유치원,유치원(병설),2010
1138,영등포구,여의동,은행로14,KDB어린이집,어린이집,2014
1139,영등포구,여의동,의사당대로1,국회어린이집,어린이집,2009
1140,영등포구,신길6동,대방천로199,꿈나무어린이집,어린이집,2011
1141,영등포구,당산2동,버드나루로14가길35,남서울어린이집,어린이집,2009
1142,영등포구,당산2동,당산로42길23,당산2동은솔어린이집,어린이집,2022
1143,영등포구,당산1동,당산동3가 선유동1로 80 ,선재어린이집,어린이집,2017
1144,영등포구,신길5동,신길로13길20,신길5동어린이집,어린이집,2009
1145,영등포구,양평1동,선유서로24길21,양평1동어린이집,어린이집,2009
1146,영등포구,양평1동,선유서로34길10,양평3가어린이집,어린이집,2012
1147,영등포구,양평2동,양평로28라길9,영등포경찰서어린이집,어린이집,2022
1148,영등포구,신길4동,신길로132,영신어린이집,어린이집,2011
1149,영등포구,신길4동,신길로40길5,하나푸르니신길어린이집,어린이집,2011
1150,영등포구,신길7동,여의대방로43길1,하정하나어린이집,어린이집,2011
1151,영등포구,대림3동,가마산로316,해태어린이집,어린이집,2009
1152,동작구,상도1동,강남초등길 15,서울강남초등학교,초등학교,1995
1153,동작구,사당1동,동작대로13길 22,서울남사초등학교,초등학교,1995
1154,동작구,사당3동,사당로23길 57-14,서울남성초등학교,초등학교,1995
1155,동작구,노량진1동,장승배기로 160,서울노량진초등학교,초등학교,1997
1156,동작구,대방동,대방동1길 22,서울대림초등학교,초등학교,1997
1157,동작구,사당2동,동작대로29길 214,서울동작초등학교,초등학교,1997
1158,동작구,신대방1동,신대방2길 14,서울문창초등학교,초등학교,1995
1159,동작구,신대방2동,여의대방로16길 30,서울보라매초등학교,초등학교,2005
1160,동작구,노량진1동,노량진로26길 16-40,서울본동초등학교,초등학교,1997
1161,동작구,사당3동,사당로23나길 27,서울삼일초등학교,초등학교,2007
1162,동작구,상도4동,성대로21길 62,서울상도초등학교,초등학교,1997
1163,동작구,상도1동,상도로58길 21,서울상현초등학교,초등학교,2012
1164,동작구,대방동,알마타길 16,서울신길초등학교,초등학교,1996
1165,동작구,사당5동,사당로 146,서울신남성초등학교,초등학교,1995
1166,동작구,상도2동,장승배기로 14,서울신상도초등학교,초등학교,1995
1167,동작구,노량진1동,만양로12가길 69,서울영본초등학교,초등학교,1997
1168,동작구,대방동,등용로8길 3,서울영화초등학교,초등학교,1995
1169,동작구,흑석동,서달로 115,서울은로초등학교,초등학교,1996
1170,동작구,사당5동,솔밭로 47,서울행림초등학교,초등학교,1996
1171,동작구,흑석동,현충로 87,서울흑석초등학교,초등학교,1998
1172,동작구,흑석동,서달로 135,중앙대학교사범대학부속초등학교,초등학교,1996
1173,동작구,상도1동,상도로41가길 13,강남유치원,유치원(일반),2009
1174,동작구,사당1동,사당로28길 34,동그라미유치원,유치원(일반),1995
1175,동작구,흑석동,흑석로13길 3,명수유치원,유치원(일반),1998
1176,동작구,노량진2동,장승배기로20길 46-3,벧엘유치원,유치원(일반),1997
1177,동작구,대방동,여의대방로24나길 6,사랑유치원,유치원(일반),2003
1178,동작구,상도1동,상도로50길 36-1,샛별유치원,유치원(일반),2014
1179,동작구,노량진1동,만양로3길 48,서울상도유치원,유치원(일반),2003
1180,동작구,흑석동,서달로 115,"서울은로유치원
(구 서울은로초등학교병설유치원)",유치원(일반),1996
1181,동작구,상도4동,성대로21길 15,승혜유치원,유치원(일반),1998
1182,동작구,노량진1동,만양로8길 50,시현유치원,유치원(일반),2018
1183,동작구,대방동,여의대방로44길 49,열림유치원,유치원(일반),1997
1184,동작구,신대방1동,여의대방로 28,요요유치원,유치원(일반),2003
1185,동작구,상도3동,성대로6가길 29,은혜유치원,유치원(일반),1998
1186,동작구,흑석동,흑석로 47,중앙대부속유치원,유치원(일반),1999
1187,동작구,상도4동,양녕로23길 25,행복유치원,유치원(일반),2009
1188,동작구,상도2동,만양로 26,행복한숲유치원,유치원(일반),2019
1189,동작구,사당5동,사당로 146,서울신남성초등학교병설유치원,유치원(병설),1995
1190,동작구,상도4동,성대로16길21,구립 연꽃(윤슬)어린이집,어린이집,2021
1191,동작구,상도3동,상도로15가길16,구립가온어린이집,어린이집,2023
1192,동작구,대방동,여의대방로36길11,구립꿈나무어린이집,어린이집,2007
1193,동작구,흑석동,흑석로13길25,구립도레미어린이집,어린이집,2020
1194,동작구,사당1동,동작대로17길28,구립라온어린이집,어린이집,2012
1195,동작구,사당3동,사당로13길24,구립문화어린이집,어린이집,2013
1196,동작구,사당4동,사당로22나길70,구립사당4동어린이집,어린이집,2019
1197,동작구,상도1동,양녕로36길15,구립상도어린이집,어린이집,2010
1198,동작구,상도4동,성대로10길27,구립성대어린이집,어린이집,2014
1199,동작구,신대방1동,신대방1다길19 1층,구립신대방누리어린이집,어린이집,2023
1200,동작구,사당3동,"사당로23바길9
(삼성래미안 내)",구립양지어린이집,어린이집,2006
1201,동작구,상도1동,매봉로43,구립예담어린이집,어린이집,2006
1202,동작구,사당2동,동작대로35길36,구립이수어린이집,어린이집,2021
1203,동작구,사당1동,동작대로17길37,구립참사랑어린이집,어린이집,2006
1204,동작구,흑석동,흑석한강로28,구립큰별어린이집,어린이집,2014
1205,동작구,흑석동,서달로61,구립흑석어린이집,어린이집,2019
1206,동작구,상도2동,상도로34가길 23,예일어린이집,어린이집,2024
1207,동작구,상도4동,양녕로30길 19-4,서울삼성학교,특수학교,1995
1208,동작구,대방동,대방동길 83,대방유투엠학원,학원,2020
1209,동작구,사당2동,동작대로29길 77,동작시사어학원,학원,2020
1210,동작구,사당4동,사당로16길 80,미래연미술학원,학원,2020
1211,동작구,사당4동,사당로16길 90,튼튼영어마스터,학원,2020
1212,동작구,사당2동,동작대로41길 7,하랑숲아이들학원,학원,2017
1213,관악구,청룡동,청룡4길 49,서울관악초등학교,초등학교,1995
1214,관악구,성현동,구암길 1,서울구암초등학교,초등학교,1995
1215,관악구,난곡동,난곡로35길 102,서울난곡초등학교,초등학교,1995
1216,관악구,미성동,난우길 40,서울난우초등학교,초등학교,1995
1217,관악구,난향동,난향길 9,서울난향초등학교,초등학교,1995
1218,관악구,신사동,남부순환로163길 14,서울남부초등학교,초등학교,1995
1219,관악구,보라매동,보라매로2길 23,서울당곡초등학교,초등학교,1995
1220,관악구,미성동,문성로 79,서울미성초등학교,초등학교,1995
1221,관악구,행운동,행운1라길 17,서울봉천초등학교,초등학교,1998
1222,관악구,성현동,성현로 117,서울봉현초등학교,초등학교,2003
1223,관악구,남현동,남현4길 51,서울사당초등학교,초등학교,1995
1224,관악구,대학동,대학7길 52,서울삼성초등학교,초등학교,1996
1225,관악구,신원동,문성로28길 31,서울신림초등학교,초등학교,1996
1226,관악구,중앙동,양녕로6나길 1,서울신봉초등학교,초등학교,1996
1227,관악구,서림동,신림로 114,서울신성초등학교,초등학교,1998
1228,관악구,삼성동,호암로 498,서울신우초등학교,초등학교,1995
1229,관악구,행운동,봉천로 505,서울원당초등학교,초등학교,1995
1230,관악구,삼성동,광신길 177,서울원신초등학교,초등학교,2003
1231,관악구,은천동,은천로 69,서울은천초등학교,초등학교,1996
1232,관악구,낙성대동,낙성대로 23,서울인헌초등학교,초등학교,1995
1233,관악구,조원동,조원로 67,서울조원초등학교,초등학교,2005
1234,관악구,청룡동,관악로5길 61,서울청룡초등학교,초등학교,1995
1235,관악구,난향동,난곡로 42,꿈나라유치원,유치원(일반),2009
1236,관악구,행운동,행운1길 96,동원유치원,유치원(일반),1998
1237,관악구,삼성동,광신길 154,명성유치원,유치원(일반),1998
1238,관악구,은천동,봉천로29길 47,배꽃유치원,유치원(일반),1997
1239,관악구,성현동,성현로 80,새소슬유치원,유치원(일반),1998
1240,관악구,남현동,남현2길 90,새싹유치원,유치원(일반),1998
1241,관악구,삼성동,호암로 498,서울신우유치원,유치원(일반),2010
1242,관악구,청림동,청림5길 22,서울청림유치원,유치원(일반),2005
1243,관악구,성현동,구암길 46,소슬유치원,유치원(일반),1997
1244,관악구,난곡동,법원단지길 56,애동유치원,유치원(일반),1998
1245,관악구,서림동,참숯5길 12,영그린유치원,유치원(일반),2015
1246,관악구,인헌동,남부순환로246길 25,은아유치원,유치원(일반),1997
1247,관악구,서림동,양산길 18,하늘유치원,유치원(일반),1998
1248,관악구,미성동,남부순환로144길 65,한별유치원,유치원(일반),1998
1249,관악구,청림동,관악로40길 55,현대유치원,유치원(일반),1997
1250,관악구,청룡동,청룡4길 49,서울관악초등학교병설유치원,유치원(병설),2010
1251,관악구,난곡동,난곡로35길 102,서울난곡초등학교병설유치원,유치원(병설),2010
1252,관악구,행운동,행운1라길 17,서울봉천초등학교병설유치원,유치원(병설),2010
1253,관악구,대학동,대학7길 52,서울삼성초등학교병설유치원,유치원(병설),2010
1254,관악구,서림동,신림로 114,서울신성초등학교병설유치원,유치원(병설),2010
1255,관악구,행운동,봉천로 505,서울원당초등학교병설유치원,유치원(병설),2010
1256,관악구,은천동,은천로 69,서울은천초등학교병설유치원,유치원(병설),2010
1257,관악구,청룡동,관악로5길 61,서울청룡초등학교병설유치원,유치원(병설),2010
1258,관악구,삼성동,광신길113,구립 합실어린이집,어린이집,2013
1259,관악구,인헌동,남부순환로246가길17,구립금빛어린이집,어린이집,2021
1260,관악구,난향동,난향5길6,구립난향어린이집,어린이집,2021
1261,관악구,미성동,미성길127,구립다원어린이집,어린이집,2010
1262,관악구,청림동,청림3길37,구립도담어린이집,어린이집,2010
1263,관악구,조원동,시흥대로164길27,구립문성어린이집,어린이집,2007
1264,관악구,난곡동,법원단지2길15-4,구립미래클어린이집,어린이집,2015
1265,관악구,신사동,신사로10길29,구립새빛어린이집,어린이집,2010
1266,관악구,서원동,서원3길25,구립서원어린이집,어린이집,2013
1267,관악구,은천동,봉천로27길20,구립선봉어린이집,어린이집,1997
1268,관악구,조원동,남부순환로145길6,구립아름꿈노아어린이집,어린이집,1997
1269,관악구,은천동,"양녕로117
벽산블루밍아파트 506동",구립우리꿈어린이집,어린이집,2022
1270,관악구,인헌동,낙성대역14길6,구립인헌어린이집,어린이집,2015
1271,관악구,미성동,난곡로45길5,구립초롱별어린이집,어린이집,2018
1272,관악구,보라매동,"보라매로 44
(SRC외래센터 4층)",서울새롬학교,특수학교,1997
1273,관악구,난향동,난향3길 31,서울정문학교,특수학교,1997
1274,관악구,난곡동,난곡로 210,강남예일보습학원,학원,2020
1275,관악구,은천동,남부순환로 1761,관악분원정상어학원,학원,2021
1276,관악구,은천동,양녕로 93,관악청담에이프릴학원,학원,2021
1277,관악구,난곡동,법원단지9길 3,꿈이크는보습학원,학원,2020
1278,관악구,미성동,미성3길 13,앤플러스학원,학원,2020
1279,관악구,난곡동,난곡로 209,오름보습학원,학원,2020
1280,관악구,미성동,난우길 29,청맥보습학원,학원,2020
1281,관악구,행운동,관악로30길 12,큰솔아이들학원,학원,2003
1282,서초구,반포2동,신반포로19길 23,계성초등학교,초등학교,2006
1283,서초구,서초1동,서초중앙로 96,서울교육대학교부설초등학교,초등학교,1996
1284,서초구,양재2동,언남길 8,서울매헌초등학교,초등학교,2008
1285,서초구,반포3동,잠원로3길 28,서울반원초등학교,초등학교,1995
1286,서초구,반포본동,신반포로 55-4,서울반포초등학교,초등학교,1996
1287,서초구,방배4동,방배중앙로13길 26,서울방배초등학교,초등학교,1998
1288,서초구,방배1동,방배로18길 52,서울방일초등학교,초등학교,1996
1289,서초구,방배3동,효령로4길 58,서울방현초등학교,초등학교,1996
1290,서초구,방배본동,방배로 260,서울서래초등학교,초등학교,1995
1291,서초구,반포1동,고무래로 63,서울서원초등학교,초등학교,1996
1292,서초구,서초2동,서운로 35,서울서이초등학교,초등학교,1996
1293,서초구,서초1동,남부순환로339길 38,서울서일초등학교,초등학교,1998
1294,서초구,서초4동,서운로 178,서울서초초등학교,초등학교,1996
1295,서초구,잠원동,나루터로 15,서울신동초등학교,초등학교,1998
1296,서초구,서초3동,남부순환로317길 15,서울신중초등학교,초등학교,1996
1297,서초구,양재1동,바우뫼로18길 14,서울양재초등학교,초등학교,1996
1298,서초구,내곡동,헌릉로8길 42,서울언남초등학교,초등학교,2014
1299,서초구,양재1동,태봉로 59,서울우면초등학교,초등학교,2012
1300,서초구,양재1동,양재대로2길 74,서울우솔초등학교,초등학교,2013
1301,서초구,양재1동,바우뫼로7길 38,서울우암초등학교,초등학교,1996
1302,서초구,서초4동,고무래로 90-6,서울원명초등학교,초등학교,1998
1303,서초구,반포1동,사평대로45길 26,서울원촌초등학교,초등학교,1995
1304,서초구,방배2동,방배천로4길 23,서울이수초등학교,초등학교,1998
1305,서초구,반포2동,신반포로16길 15-25,서울잠원초등학교,초등학교,1995
1306,서초구,양재2동,논현로5길 31-11,구룡유치원,유치원(일반),1999
1307,서초구,방배3동,효령로 110,새성민유치원,유치원(일반),2010
1308,서초구,방배4동,서초대로15길 57,새순유치원,유치원(일반),2010
1309,서초구,양재1동,태봉로2길 21,"서울어진유치원
(구 예원 유치원)",유치원(일반),2013
1310,서초구,내곡동,청계산로11길 14,서울청계숲유치원,유치원(일반),2015
1311,서초구,양재1동,양재대로2길 100-64,서초유치원,유치원(일반),2014
1312,서초구,서초1동,서초대로64길 73,석문유치원,유치원(일반),1999
1313,서초구,양재1동,바우뫼로 99,양재천사유치원,유치원(일반),1999
1314,서초구,반포2동,신반포로19길 30,영생유치원,유치원(일반),2010
1315,서초구,잠원동,잠원로8길 13,하나유치원,유치원(일반),1998
1316,서초구,반포3동,잠원로3길 31,한신유치원,유치원(일반),2010
1317,서초구,반포본동,신반포로 55-4,서울반포초등학교병설유치원,유치원(병설),2010
1318,서초구,방배4동,방배중앙로13길 26,서울방배초등학교병설유치원,유치원(병설),2010
1319,서초구,방배본동,방배로 260,서울서래초등학교병설유치원,유치원(병설),2010
1320,서초구,내곡동,헌릉로8길 42,서울언남초등학교병설유치원,유치원(병설),2014
1321,서초구,양재1동,태봉로 59,서울우면초등학교병설유치원,유치원(병설),2012
1322,서초구,양재1동,양재대로2길 74,서울우솔초등학교병설유치원,유치원(병설),2013
1323,서초구,양재1동,바우뫼로7길 38,서울우암초등학교병설유치원,유치원(병설),1996
1324,서초구,서초4동,고무래로 90-6,서울원명초등학교병설유치원,유치원(병설),2010
1325,서초구,내곡동,헌릉로226 1층,구립 내곡연두어린이집,어린이집,2019
1326,서초구,서초4동,"서운로26길3
서초4동 열린문화센터 내",구립 누리아미어린이집,어린이집,2019
1327,서초구,방배2동,청두곶2길33,구립 도구머리어린이집,어린이집,2019
1328,서초구,반포1동,사평대로273,구립 반포1동주민센터어린이집,어린이집,1995
1329,서초구,반포4동,사평대로28길70,구립 반포서래어린이집,어린이집,2014
1330,서초구,반포3동,반포대로310-6,구립 반포센트럴자이어린이집,어린이집,2021
1331,서초구,방배1동,방배로20길 25-19,구립 방배1동숲어린이집,어린이집,2023
1332,서초구,방배4동,서초대로19길16,구립 방배4동어린이집,어린이집,2019
1333,서초구,방배3동,방배로 21,구립방배그랑자이어린이집,어린이집,2024
1334,서초구,방배4동,서초대로29길 20,구립 방배서리풀어린이집,어린이집,2023
1335,서초구,방배4동,"방배로173
방배열린문화센터 내 1층",구립 방배열린어린이집,어린이집,2019
1336,서초구,서초1동,"서초중앙로96
서울교대 평생교육원 1층",구립 서울교육대학교사향어린이집,어린이집,2008
1337,서초구,서초1동,서초대로58길35-6,구립 서초1동하은어린이집,어린이집,2019
1338,서초구,반포4동,고무래로8길21,구립 서초성모어린이집,어린이집,2008
1339,서초구,반포2동,"신반포로19길26
신반포중학교 내 복합관",구립 신반포어린이집,어린이집,2006
1340,서초구,양재2동,언남16길37,구립 양재목련어린이집,어린이집,2019
1341,서초구,양재2동,논현로5길15-5,구립 양재별하어린이집,어린이집,2019
1342,서초구,방배2동,방배천로18길36-8,구립 예아어린이집,어린이집,2019
1343,서초구,반포4동,서초중앙로33길10,구립 하나푸르니반포어린이집,어린이집,2014
1344,서초구,방배2동,남부순환로 2124,까리따스어린이집,어린이집,2024
1345,서초구,방배2동,전원말길6,남태령어린이집,어린이집,2018
1346,서초구,양재2동,논현로5길28,니꼴라오어린이집,어린이집,2019
1347,서초구,반포1동,신반포로318,반포1동어린이집,어린이집,2008
1348,서초구,반포4동,사평대로20길54,반포어린이집,어린이집,2013
1349,서초구,방배본동,동광로11길86,방배본동 행복한어린이집,어린이집,2019
1350,서초구,방배1동,방배로19길36-8,방배어린이집,어린이집,2019
1351,서초구,반포3동,신반포로33길22,사랑의어린이집,어린이집,2016
1352,서초구,반포1동,사평대로253,산성몬테소리어린이집,어린이집,1995
1353,서초구,양재1동,성촌길67,삼성전자서울R&D캠퍼스어린이집,어린이집,2021
1354,서초구,서초2동,서초대로74길30,샤이닝키즈어린이집,어린이집,2017
1355,서초구,방배2동,방배천로48,서정어린이집,어린이집,2009
1356,서초구,서초2동,"서초대로74길11
삼성전자 내",서초1삼성어린이집,어린이집,2017
1357,서초구,서초2동,"서초대로74길4
삼성생명 서초타워 3층",서초2삼성어린이집,어린이집,2017
1358,서초구,서초2동,남부순환로347길46,서초구청직장어린이집,어린이집,2008
1359,서초구,반포3동,반포대로310-5,서초남서울어린이집,어린이집,2018
1360,서초구,방배3동,남부순환로 2271-1,서초어린이집,어린이집,2008
1361,서초구,서초1동,사임당로19길 51,서초연꽃어린이집,어린이집,2008
1362,서초구,방배본동,방배로39길 42,서초이화어린이집,어린이집,2023
1363,서초구,서초2동,남부순환로2543-5,서초장미어린이집,어린이집,2008
1364,서초구,방배4동,방배중앙로15길22 1층,아가야어린이집,어린이집,1998
1365,서초구,방배4동,동광로12길12,아람마주어린이집,어린이집,2008
1366,서초구,양재1동,남부순환로2610,양재복지관어린이집,어린이집,2016
1367,서초구,서초1동,효령로67길4,푸르니서초어린이집,어린이집,2008
1368,서초구,내곡동,염곡말길17-6,현대양재어린이집,어린이집,2019
1369,서초구,내곡동,헌릉로468길 21-16,다니엘학교,특수학교,1997
1370,서초구,내곡동,염곡안1길 25,서울나래학교,특수학교,2020
1371,서초구, 반포4동,서초중앙로31길 14-4,에스오티(SOT)학원,학원,2021
1372,서초구,반포2동,신반포로15길 6,덜위치칼리지서울영국학교,외국인학교,2006
1373,서초구,반포4동,서래로 7,서울프랑스학교,외국인학교,2018
1374,서초구,양재1동,남부순환로364길 7-16,코리아외국인학교,외국인학교,2022
1375,서초구,잠원동,나루터로 4길,신반포중앙유치원(가칭),유치원(일반),2025
1376,강남구,개포1동,선릉로 29,서울개원초등학교,초등학교,1997
1377,강남구,개포2동,개포로 401,서울개일초등학교,초등학교,1997
1378,강남구,개포2동,삼성로4길 30,서울개포초등학교,초등학교,2023
1379,강남구,개포4동,개포로 263,서울구룡초등학교,초등학교,1997
1380,강남구,논현1동,강남대로120길 33,서울논현초등학교,초등학교,1996
1381,강남구,대치2동,남부순환로 3022,서울대곡초등학교,초등학교,1995
1382,강남구,도곡2동,선릉로 209,서울대도초등학교,초등학교,1997
1383,강남구,일원본동,광평로20길 27,서울대모초등학교,초등학교,1997
1384,강남구,세곡동,헌릉로618길 8,서울대왕초등학교,초등학교,1995
1385,강남구,개포3동,개포로109길 74,서울대진초등학교,초등학교,1997
1386,강남구,일원1동,양재대로55길 28,서울대청초등학교,초등학교,1998
1387,강남구,대치1동,양재천로 363,서울대치초등학교,초등학교,1998
1388,강남구,대치2동,역삼로98길 16,서울대현초등학교,초등학교,1995
1389,강남구,대치4동,선릉로64길 33,서울도곡초등학교,초등학교,1995
1390,강남구,역삼2동,역삼로 313,서울도성초등학교,초등학교,1995
1391,강남구,삼성1동,학동로 610,서울봉은초등학교,초등학교,1995
1392,강남구,삼성2동,봉은사로63길 22,서울삼릉초등학교,초등학교,1995
1393,강남구,세곡동,자곡로 55,서울세명초등학교,초등학교,2012
1394,강남구,수서동,광평로51길 46,서울수서초등학교,초등학교,1997
1395,강남구,신사동,압구정로18길 28,서울신구초등학교,초등학교,1996
1396,강남구,압구정동,압구정로39길 29,서울압구정초등학교,초등학교,1997
1397,강남구,개포2동,개포로 513,서울양전초등학교,초등학교,1998
1398,강남구,청담동,삼성로135길 42,서울언북초등학교,초등학교,1996
1399,강남구,도곡1동,남부순환로363길 19,서울언주초등학교,초등학교,1997
1400,강남구,역삼1동,강남대로66길 21,서울역삼초등학교,초등학교,1997
1401,강남구,일원1동,일원로 21,서울영희초등학교,초등학교,1996
1402,강남구,일원본동,광평로31길 74,서울왕북초등학교,초등학교,1997
1403,강남구,세곡동,밤고개로21길 15,서울율현초등학교,초등학교,2013
1404,강남구,개포2동,영동대로4길 20,서울일원초등학교,초등학교,1996
1405,강남구,세곡동,자곡로 150,서울자곡초등학교,초등학교,2015
1406,강남구,청담동,압구정로71길 9,서울청담초등학교,초등학교,1995
1407,강남구,개포4동,개포로22길 87,서울포이초등학교,초등학교,1995
1408,강남구,논현2동,선릉로115길 42,서울학동초등학교,초등학교,1996
1409,강남구,일원본동,광평로34길 17,강남유정유치원,유치원(일반),2019
1410,강남구,도곡2동,선릉로 221,도곡렉슬유치원,유치원(일반),2009
1411,강남구,개포2동,개포로 516,돌샘유치원,유치원(일반),1997
1412,강남구,대치1동,도곡로78길 8,묘동유치원,유치원(일반),1999
1413,강남구,수서동,광평로47길 17,반디유치원,유치원(일반),2007
1414,강남구,개포2동,삼성로4길 20,서울개포유치원,유치원(일반),2023
1415,강남구,세곡동,헌릉로569길 41,서울은곡유치원,유치원(일반),2015
1416,강남구,논현2동,언주로121길 5,성결유치원,유치원(일반),2007
1417,강남구,청담동,압구정로77길 28,성요셉유치원,유치원(일반),1999
1418,강남구,삼성1동,삼성로120길 28,영동제일유치원,유치원(일반),1997
1419,강남구,개포3동,개포로109길 5,이화유치원,유치원(일반),1997
1420,강남구,청담동,학동로67길 15,청담몬테소리유치원,유치원(일반),2013
1421,강남구,개포4동,논현로14길 17,초원유치원,유치원(일반),2007
1422,강남구,일원본동,일원로14길 25,푸른유치원,유치원(일반),1999
1423,강남구,대치2동,역삼로98길 16,서울대현초등학교병설유치원,유치원(병설),2010
1424,강남구,수서동,광평로51길 46,서울수서초등학교병설유치원,유치원(병설),2010
1425,강남구,역삼1동,강남대로66길 21,서울역삼초등학교병설유치원,유치원(병설),2010
1426,강남구,일원1동,일원로 21,서울영희초등학교병설유치원,유치원(병설),2022
1427,강남구,삼성1동,삼성로122길7,GKL행복어린이집,어린이집,2012
1428,강남구,삼성2동,학동로426,강남구청직장어린이집,어린이집,2012
1429,강남구,대치2동,삼성로154,구민회관어린이집,어린이집,2012
1430,강남구,논현1동,강남대로124길65,논현어린이집,어린이집,2011
1431,강남구,일원1동,양재대로37길19,대청어린이집,어린이집,2013
1432,강남구,대치2동,영동대로65길11,대치어린이집,어린이집,2011
1433,강남구,개포3동,개포로617-8,목련어린이집,어린이집,2011
1434,강남구,일원본동,"일원로115
삼성생명빌딩",미담어린이집,어린이집,2019
1435,강남구,압구정동,언주로164길36,바롬어린이집,어린이집,2013
1436,강남구,세곡동,밤고개로24길75,방죽어린이집,어린이집,2013
1437,강남구,대치1동,남부순환로397길19,보람어린이집,어린이집,2020
1438,강남구,논현1동,학동로20길25,보미나어린이집,어린이집,2012
1439,강남구,삼성1동,영동대로122길7-6,삼성어린이집,어린이집,2011
1440,강남구,삼성2동,선릉로100길48,선릉삼성어린이집,어린이집,2011
1441,강남구,도곡1동,도곡로18길9,선우어린이집,어린이집,2012
1442,강남구,대치4동,삼성로71길31,선재어린이집,어린이집,2011
1443,강남구,도곡2동,논현로32길16,성아어린이집,어린이집,2011
1444,강남구,세곡동,"자곡로260
강남한양수자인(관리동)",세곡햇빛어린이집,어린이집,2017
1445,강남구,수서동,광평로242,수서어린이집,어린이집,2012
1446,강남구,신사동,도산대로15길26,신사어린이집,어린이집,2012
1447,강남구,삼성2동,봉은사로68길35-2,아이앤어린이집,어린이집,2019
1448,강남구,압구정동,압구정로311,압구정아람어린이집,어린이집,2013
1449,강남구,압구정동,언주로157길8,압구정어린이집,어린이집,2012
1450,강남구,역삼2동,도곡로37길15,역삼가애어린이집,어린이집,2013
1451,강남구,역삼1동,테헤란로22길46,역삼어린이집,어린이집,2012
1452,강남구,논현2동,학동로43길17,연화어린이집,어린이집,2011
1453,강남구,개포4동,언주로7길23,예지어린이집,어린이집,2020
1454,강남구,삼성2동,봉은사로73길3-4,오르다어린이집,어린이집,2011
1455,강남구,일원본동,광평로3길21,일원어린이집,어린이집,2012
1456,강남구,청담동,도산대로56길14,청담어린이집,어린이집,2012
1457,강남구,청담동,압구정로79길26,청수어린이집,어린이집,2011
1458,강남구,역삼1동,테헤란로27길41 1층,충현어린이집,어린이집,2016
1459,강남구,대치4동,도곡로73길31-1,킹스키즈어린이집,어린이집,2011
1460,강남구,세곡동,자곡로7길8-1,푸른어린이집,어린이집,2011
1461,강남구,삼성1동,봉은사로82길23,한별어린이집,어린이집,2011
1462,강남구,대치1동,"삼성로51길25
대치SK뷰아파트 관리동",한울어린이집,어린이집,2018
1463,강남구,대치2동,"영동대로57길 7
(대치평생학습관 3층)",한티어린이집,어린이집,2011
1464,강남구,일원본동,일원로 90,밀알학교,특수학교,1998
1465,강남구,삼성1동,봉은사로81길 16,서울정애학교,특수학교,2010
1466,강남구,대치4동,삼성로 341,강남최강학원,학원,2020
1467,강남구,대치1동,삼성로57길 31,미래탐구학원,학원,2020
1468,강남구,대치2동,도곡로 503,새움학원,학원,2020
1469,강남구,대치2동,삼성로64길 16,서울아카데미국제학교,학원,1998
1470,강남구,대치2동,삼성로 314,소마대치본원,학원,2020
1471,강남구,대치4동,도곡로 451,시대인재15학원,학원,2020
1472,강남구,대치2동,도곡로 510,시대인재2관학원,학원,2020
1473,강남구,대치1동,도곡로 434,시대인재98학원,학원,2020
1474,강남구,대치1동,도곡로 428,시대인재99학원,학원,2020
1475,강남구,대치1동,도곡로 460,시대인재학원,학원,2020
1476,강남구,대치1동,남부순환로 2941,신어지은마학원,학원,2020
1477,강남구,역삼2동,선릉로 311,씨앤씨미술학원 강남캠퍼스,학원,2020
1478,강남구,대치1동,도곡로 450,씨엔에이논술,학원,2020
1479,강남구,대치1동,남부순환로 2935,짱솔학원,학원,2020
1480,강남구,대치1동,삼성로 155,파르테논어학원,학원,2020
1481,강남구,대치4동,삼성로 319,프라임스템경원학원,학원,2020
1482,강남구,대치4동,도곡로 423,한티매쓰학원,학원,2020
1483,송파구,가락2동,중대로20길 47,서울가동초등학교,초등학교,2007
1484,송파구,가락1동,송파대로37길 45,서울가락초등학교,초등학교,2019
1485,송파구,문정2동,중대로4길 8,서울가원초등학교,초등학교,2006
1486,송파구,가락2동,오금로40길 37,서울가주초등학교,초등학교,2005
1487,송파구,오금동,문정로 211,서울개롱초등학교,초등학교,2008
1488,송파구,오금동,마천로25길 18,서울거여초등학교,초등학교,2003
1489,송파구,거여2동,양산로2길 26,서울거원초등학교,초등학교,2007
1490,송파구,마천2동,성내천로 207,서울남천초등학교,초등학교,2006
1491,송파구,마천1동,마천로61다길 24,서울마천초등학교,초등학교,2005
1492,송파구,장지동,송이로34길 60,서울문덕초등학교,초등학교,2006
1493,송파구,문정1동,문정로5길 20,서울문정초등학교,초등학교,2004
1494,송파구,장지동,충민로 137,서울문현초등학교,초등학교,2008
1495,송파구,방이1동,오금로27길 42,서울방산초등학교,초등학교,2005
1496,송파구,방이1동,위례성대로10길 4,서울방이초등학교,초등학교,2004
1497,송파구,잠실3동,석촌호수로 81,서울버들초등학교,초등학교,2015
1498,송파구,삼전동,백제고분로28길 19,서울삼전초등학교,초등학교,2005
1499,송파구,석촌동,가락로11길 26,서울석촌초등학교,초등학교,2005
1500,송파구,오륜동,양재대로 1264,서울세륜초등학교,초등학교,2006
1501,송파구,위례동,위례순환로 439,서울송례초등학교,초등학교,2013
1502,송파구,잠실3동,석촌호수로 159,서울송전초등학교,초등학교,2007
1503,송파구,송파1동,백제고분로 400,서울송파초등학교,초등학교,2004
1504,송파구,가락본동,송이로 75,서울신가초등학교,초등학교,2005
1505,송파구,잠실3동,올림픽로 215,서울신천초등학교,초등학교,2007
1506,송파구,잠실7동,올림픽로4길 59,서울아주초등학교,초등학교,2006
1507,송파구,거여1동,오금로57길 15,서울영풍초등학교,초등학교,2005
1508,송파구,오금동,위례성대로22길 11,서울오금초등학교,초등학교,2006
1509,송파구,오륜동,양재대로 1196,서울오륜초등학교,초등학교,2007
1510,송파구,위례동,위례광장로 243,서울위례별초등학교,초등학교,2016
1511,송파구,위례동,위례북로2길 12,서울위례솔초등학교,초등학교,2022
1512,송파구,잠실6동,올림픽로35길 122,서울잠동초등학교,초등학교,2007
1513,송파구,잠실2동,잠실로 32,서울잠신초등학교,초등학교,2008
1514,송파구,잠실4동,올림픽로35길 20,서울잠실초등학교,초등학교,2008
1515,송파구,잠실2동,올림픽로 95,서울잠일초등학교,초등학교,2008
1516,송파구,잠실본동,올림픽로12길 51,서울잠전초등학교,초등학교,2006
1517,송파구,잠실4동,올림픽로37길 109,서울잠현초등학교,초등학교,2008
1518,송파구,송파2동,송파대로36길 8,서울중대초등학교,초등학교,2005
1519,송파구,풍납2동,풍성로20길 44,서울토성초등학교,초등학교,2006
1520,송파구,가락본동,송파대로26길 22,서울평화초등학교,초등학교,2006
1521,송파구,풍납1동,풍성로 43,서울풍납초등학교,초등학교,2005
1522,송파구,풍납2동,강동대로2길 13,서울풍성초등학교,초등학교,2006
1523,송파구,가락1동,송파대로37길 95,서울해누리초등학교,초등학교,2019
1524,송파구,풍납2동,강동대로3길 23,동화나라유치원,유치원(일반),2009
1525,송파구,석촌동,송파대로49길 23,불광유치원,유치원(일반),2009
1526,송파구,장지동,송파대로8길 17,생명나무유치원,유치원(일반),2009
1527,송파구,위례동,위례순환로 419,서울솔가람유치원,유치원(일반),2014
1528,송파구,송파2동,오금로24길 25,서울솔방울유치원,유치원(일반),2008
1529,송파구,위례동,위례송파로 121,서울송파위례유치원,유치원(일반),2022
1530,송파구,석촌동,백제고분로40길 20,석촌유치원,유치원(일반),2007
1531,송파구,장지동,충민로 177,송파유정유치원,유치원(일반),2021
1532,송파구,방이2동,위례성대로 28,수정유치원,유치원(일반),2009
1533,송파구,장지동,충민로6길 17,아이코리아부속새세대유치원,유치원(일반),2009
1534,송파구,거여2동,양산로2길 38,아주유치원,유치원(일반),2010
1535,송파구,송파2동,오금로32길 13,예은유치원,유치원(일반),2009
1536,송파구,가락2동,동남로11길 27,은선유치원,유치원(일반),2008
1537,송파구,가락2동,동남로16길 3,제일무궁화유치원,유치원(일반),2008
1538,송파구,송파2동,송파대로36길 32-6,티움유치원,유치원(일반),2016
1539,송파구,잠실4동,올림픽로 419,햇빛유치원,유치원(일반),2009
1540,송파구,가락2동,문정로13길 13,혜림유치원,유치원(일반),2009
1541,송파구,가락1동,송파대로37길 45,서울가락초등학교병설유치원,유치원(병설),2010
1542,송파구,오금동,마천로25길 18,서울거여초등학교병설유치원,유치원(병설),2010
1543,송파구,거여2동,양산로2길 26,서울거원초등학교병설유치원,유치원(병설),2023
1544,송파구,마천2동,성내천로 207,서울남천초등학교병설유치원,유치원(병설),2023
1545,송파구,방이1동,위례성대로10길 4,서울방이초등학교병설유치원,유치원(병설),2023
1546,송파구,오륜동,양재대로 1264,서울세륜초등학교병설유치원,유치원(병설),2010
1547,송파구,잠실3동,석촌호수로 159,서울송전초등학교병설유치원,유치원(병설),2010
1548,송파구,송파1동,백제고분로 400,서울송파초등학교병설유치원,유치원(병설),2023
1549,송파구,잠실3동,올림픽로 215,서울신천초등학교병설유치원,유치원(병설),2010
1550,송파구,잠실7동,올림픽로4길 59,서울아주초등학교병설유치원,유치원(병설),2023
1551,송파구,거여1동,오금로57길 15,서울영풍초등학교병설유치원,유치원(병설),2023
1552,송파구,잠실2동,잠실로 32,서울잠신초등학교병설유치원,유치원(병설),2010
1553,송파구,잠실2동,올림픽로 95,서울잠일초등학교병설유치원,유치원(병설),2010
1554,송파구,가락본동,송파대로26길 22,서울평화초등학교병설유치원,유치원(병설),2023
1555,송파구,가락본동,송이로17길 46,가락본동어린이집,어린이집,2010
1556,송파구,거여1동,오금로57길 22,가원어린이집,어린이집,2015
1557,송파구,거여2동,오금로 475,거여하나어린이집,어린이집,2010
1558,송파구,마천2동,거마로24길 8-6,금륜어린이집,어린이집,2010
1559,송파구,마천2동,성내천로 162,뉴한가람어린이집,어린이집,2010
1560,송파구,삼전동,백제고분로23길 25,디딤돌어린이집,어린이집,2023
1561,송파구,마천1동,마천로61다길 28-7,마천어린이집,어린이집,2010
1562,송파구,장지동,충민로6길 10,버들어린이집,어린이집,2010
1563,송파구,마천2동,마천로41길 12,산성어린이집,어린이집,2010
1564,송파구,삼전동,삼전로10길 21,삼전하늘어린이집,어린이집,2021
1565,송파구,풍납2동,강동대로 13,서울아산병원제2어린이집,어린이집,2006
1566,송파구,송파1동,가락로23길 9,송파제일어린이집,어린이집,2006
1567,송파구,잠실본동,백제고분로11길 8,양무리어린이집,어린이집,2011
1568,송파구,풍납2동,올림픽로47길 9,열매어린이집,어린이집,2006
1569,송파구,석촌동,백제고분로36가길 21,예랑어린이집,어린이집,2018
1570,송파구,잠실본동,백제고분로20길 16,예일어린이집,어린이집,2017
1571,송파구,오금동,중대로27길 2,오금숲어린이집,어린이집,2022
1572,송파구,오금동,마천로27길4,오금어린이집,어린이집,2006
1573,송파구,가락2동,동남로9길 17-10,은송어린이집,어린이집,2020
1574,송파구,잠실4동,올림픽로37길121,잠실어린이집,어린이집,2010
1575,송파구,마천1동,성내천로 315,천마어린이집,어린이집,2009
1576,송파구,마천2동,거마로24길 11,천사어린이집,어린이집,2010
1577,송파구,풍납2동,토성로 52,풍납어린이집,어린이집,2009
1578,송파구,풍납1동,풍성로25길 21-3,풍성어린이집,어린이집,2010
1579,송파구,송파1동,"백제고분로42길 5
(송파여성문화회관 2층)",행복한어린이집,어린이집,2011
1580,송파구,장지동,충민로6길 15,한국육영학교,특수학교,2009
1581,강동구,고덕2동,동남로82길 94-54,서울강덕초등학교,초등학교,1996
1582,강동구,천호2동,상암로14길 77,서울강동초등학교,초등학교,1995
1583,강동구,상일2동,상일로 74-1,서울강명초등학교,초등학교,2011
1584,강동구,강일동,아리수로93다길 1,서울강빛초등학교,초등학교,2021
1585,강동구,강일동,고덕로97길 80,서울강솔초등학교,초등학교,2017
1586,강동구,강일동,아리수로98길 24,서울강일초등학교,초등학교,2009
1587,강동구,고덕2동,아리수로82길 42,서울고덕초등학교,초등학교,1995
1588,강동구,명일1동,고덕로46길 53,서울고명초등학교,초등학교,1995
1589,강동구,상일1동,구천면로93길 20,서울고일초등학교,초등학교,1998
1590,강동구,상일1동,상일로11길 110,서울고현초등학교,초등학교,2020
1591,강동구,길동,양재대로116길 69,서울길동초등학교,초등학교,1996
1592,강동구,명일2동,상암로 271,서울대명초등학교,초등학교,1995
1593,강동구,둔촌1동,양재대로88길 27,서울둔촌초등학교,초등학교,1998
1594,강동구,고덕1동,양재대로156길 11,서울명덕초등학교,초등학교,1998
1595,강동구,명일2동,명일로 364,서울명원초등학교,초등학교,1996
1596,강동구,암사1동,고덕로38길 8,서울명일초등학교,초등학교,1997
1597,강동구,고덕1동,동남로79길 46,서울묘곡초등학교,초등학교,1998
1598,강동구,상일1동,천호대로 1477,서울상일초등학교,초등학교,1998
1599,강동구,둔촌2동,진황도로61길 29,서울선린초등학교,초등학교,1995
1600,강동구,암사2동,올림픽로 837,서울선사초등학교,초등학교,2001
1601,강동구,성내1동,성내로3길 19,서울성내초등학교,초등학교,1995
1602,강동구,성내1동,성내로15길 33,서울성일초등학교,초등학교,1995
1603,강동구,길동,명일로24길 33,서울신명초등학교,초등학교,1998
1604,강동구,암사2동,올림픽로93길 33-16,서울신암초등학교,초등학교,1997
1605,강동구,둔촌1동,명일로 23,서울위례초등학교,초등학교,1996
1606,강동구,길동,성안로 200,서울천동초등학교,초등학교,1996
1607,강동구,천호1동,구천면로 266,서울천일초등학교,초등학교,1995
1608,강동구,천호1동,구천면로 310-11,서울천호초등학교,초등학교,1995
1609,강동구,둔촌2동,풍성로 261,서울한산초등학교,초등학교,1997
1610,강동구,명일2동,상암로63길 39,가람유치원,유치원(일반),1998
1611,강동구,상일2동,상일로10길 41,강동유정유치원,유치원(일반),2012
1612,강동구,강일동,아리수로98길 62,강일늘사랑유치원,유치원(일반),2014
1613,강동구,상일1동,구천면로 645,고덕유치원,유치원(일반),2012
1614,강동구,천호2동,천중로 64,구강사금강유치원,유치원(일반),2010
1615,강동구,명일2동,상암로63길 39-10,녹원유치원,유치원(일반),1998
1616,강동구,둔촌2동,풍성로63길 73,둔촌유치원,유치원(일반),2010
1617,강동구,고덕1동,동남로83길 66,명덕유치원,유치원(일반),2010
1618,강동구,길동,양재대로124길 89-18,반석유치원,유치원(일반),1999
1619,강동구,암사1동,암사19길 53,서울명일유치원,유치원(일반),2010
1620,강동구,상일1동,구천면로 650,선아유치원,유치원(일반),2021
1621,강동구,고덕2동,고덕로83길 68,성보나유치원,유치원(일반),2009
1622,강동구,암사2동,상암로 11,예슬유치원,유치원(일반),2009
1623,강동구,천호2동,구천면로39길 26,오송유치원,유치원(일반),2003
1624,강동구,성내3동,강동대로55길 83,유정유치원,유치원(일반),1998
1625,강동구,명일2동,고덕로62길 58,은새유치원,유치원(일반),1998
1626,강동구,성내1동,성내로3가길 61,준현유치원,유치원(일반),2003
1627,강동구,천호3동,구천면로 236-1,천호유치원,유치원(일반),1997
1628,강동구,천호3동,천중로35길 37-1,화랑유치원,유치원(일반),1997
1629,강동구,고덕2동,동남로82길 94-54,서울강덕초등학교병설유치원,유치원(병설),2010
1630,강동구,명일1동,고덕로46길 53,서울고명초등학교병설유치원,유치원(병설),2010
1631,강동구,길동,양재대로116길 69,서울길동초등학교병설유치원,유치원(병설),2010
1632,강동구,둔촌2동,진황도로61길 29,서울선린초등학교병설유치원,유치원(병설),2010
1633,강동구,둔촌1동,명일로 23,서울위례초등학교병설유치원,유치원(병설),2010
1634,강동구,상일1동,동남로 832,한영중고등학교병설한영유치원,유치원(병설),2020
1635,강동구,천호1동,양재대로125길 30,강동무지개어린이집,어린이집,2015
1636,강동구,길동,양재대로122가길 31,강동복지관어린이집,어린이집,2013
1637,강동구,암사1동,고덕로24가길 36,강동아이슐레어린이집,어린이집,2010
1638,강동구,강일동,풍산로 235,강일어린이집,어린이집,2009
1639,강동구,고덕1동,양재대로156길 121,고일어린이집,어린이집,2016
1640,강동구,상일1동,"고덕로80길 134
(고덕숲아이파크아파트 107동)",구립 고덕숲어린이집,어린이집,2019
1641,강동구,천호2동,천중로12길 23-40,구립 곡교어린이집,어린이집,2010
1642,강동구,고덕2동,"고덕로 399
(고덕센트럴푸르지오아파트 관리동)",구립 늘해랑어린이집,어린이집,2022
1643,강동구,천호2동,올림픽로79길 46,구립 다온어린이집,어린이집,2020
1644,강동구,암사3동,고덕로27길 33-19,구립 동심어린이집,어린이집,2016
1645,강동구,둔촌2동,명일로 129,구립 둔촌어린이집,어린이집,2010
1646,강동구,암사1동,암사길 57,구립 보람나무어린이집,어린이집,2010
1647,강동구,성내1동,풍성로42길 20,구립 성내일어린이집,어린이집,2023
1648,강동구,암사2동,상암로4가길 28,구립 암사어린이집,어린이집,2007
1649,강동구,성내3동,양재대로103길 28,구립 은강어린이집,어린이집,2017
1650,강동구,명일1동,양재대로134길 41,구립 초롱별어린이집,어린이집,2013
1651,강동구,암사3동,아리수로 46-14,구립 해나어린이집,어린이집,2018
1652,강동구,천호3동,성안로31마길 9,꽃다비어린이집,어린이집,2010
1653,강동구,천호1동,천중로39길 43-1,라온어린이집,어린이집,2013
1654,강동구,성내1동,성내로18길 19,성내참사랑어린이집,어린이집,2018
1655,강동구,길동,천호대로193길 23-3,성심어린이집,어린이집,2010
1656,강동구,둔촌2동,진황도로 160,애지어린이집,어린이집,2013
1657,강동구,암사1동,상암로 89,예꿈어린이집,어린이집,2015
1658,강동구,성내3동,양재대로 1305,예일어린이집,어린이집,2010
1659,강동구,길동,"천호대로 1239
(GS강동자이아파트 관리동 1층)",자이맘어린이집,어린이집,2020
1660,강동구,명일2동,동남로67길 42,푸른숲어린이집,어린이집,2015
1661,강동구,상일1동,상암로 369,주몽학교,특수학교,1997
1662,강동구,고덕2동,고덕로 295-59,한국구화학교,특수학교,1997
1663,강동구,길동,천호대로187길 73-10,예크트리(YEK TREE)학원,학원,2021
1664,강동구,암사3동,올림픽로104길 36,오르다샘앤클래스암사학원,학원,2021
1665,강동구,고덕2동,고덕로83길 154,피아제키즈아카데미학원,학원,2023
